{
  "BaseServerArgs": "%MapName%%GridLocation%?AltSaveDirectoryName=%AltSaveDir%?MaxPlayers=200?ReservedPlayerSlots=50?QueryPort=%QUERYPORT%?Port=%PORT%?SeamlessIP=%MACHINEIP%?MapPlayerLocation=true%AdditionalMapArguements% -log -server -culture=en -NoCrashDialog -NoBattlEye",
  "gridSize": 1400000.0,
  "MetaWorldURL": "http://atlasdedicated.com/xkvLAefEmYagICAfkDqknUIceSobwBma/ServerGrid",
  "WorldFriendlyName": "ATLAS",
  "WorldAtlasId": "123456777",
  "AuthListURL": "",
  "WorldAtlasPassword": "",
  "ModIDs": "",
  "MapImageURL": "http://arkdedicated.com/atlaspreview.jpg",
  "totalGridsX": 2,
  "totalGridsY": 2,
  "bUseUTCTime": true,
  "columnUTCOffset": 0.0,
  "Day0": "2018-07-16 17:05:21",
  "globalTransitionMinZ": 0.0,
  "AdditionalCmdLineParams": "",
  "OverrideShooterGameModeDefaultGameIni": {},
  "globalGameplaySetup": "(QuestEntries=((QuestID=0,CompletedIcon=Texture2D'/Game/Atlas/UI/Icons/Icon_PowerStonesQuest_Complete.Icon_PowerStonesQuest_Complete',UncompletedIcon=Texture2D'/Game/Atlas/UI/Icons/Icon_PowerStonesQuest_Uncomplete.Icon_PowerStonesQuest_Uncomplete',QuestName=\"Voyage of Power\",QuestDescription=\"Journey across the ATLAS to hunt for the Power Stones, and then bring them to the Center Maw!\",QuestPointsOfInterest=((PointOfInterestID=0,PointOfInterestName=\"Power Stone 1\",WorldMapPosition=(X=0.966667,Y=0.900000),CompletedIcon=Texture2D'/Game/Atlas/UI/Icons/Item_InfinityGem_Icon.Item_InfinityGem_Icon',UncompletedIcon=Texture2D'/Game/Atlas/UI/Icons/Item_InfinityGem_Icon10.Item_InfinityGem_Icon10'),(PointOfInterestID=1,PointOfInterestName=\"Power Stone 2\",WorldMapPosition=(X=0.166667,Y=0.366667),CompletedIcon=Texture2D'/Game/Atlas/UI/Icons/Item_InfinityGem_Icon2.Item_InfinityGem_Icon2',UncompletedIcon=Texture2D'/Game/Atlas/UI/Icons/Item_InfinityGem_Icon10.Item_InfinityGem_Icon10'),(PointOfInterestID=2,PointOfInterestName=\"Power Stone 3\",WorldMapPosition=(X=0.233333,Y=0.766667),CompletedIcon=Texture2D'/Game/Atlas/UI/Icons/Item_InfinityGem_Icon3.Item_InfinityGem_Icon3',UncompletedIcon=Texture2D'/Game/Atlas/UI/Icons/Item_InfinityGem_Icon10.Item_InfinityGem_Icon10'),(PointOfInterestID=3,PointOfInterestName=\"Power Stone 4\",WorldMapPosition=(X=0.366667,Y=0.500000),CompletedIcon=Texture2D'/Game/Atlas/UI/Icons/Item_InfinityGem_Icon4.Item_InfinityGem_Icon4',UncompletedIcon=Texture2D'/Game/Atlas/UI/Icons/Item_InfinityGem_Icon10.Item_InfinityGem_Icon10'),(PointOfInterestID=4,PointOfInterestName=\"Power Stone 5\",WorldMapPosition=(X=0.433333,Y=0.16667),CompletedIcon=Texture2D'/Game/Atlas/UI/Icons/Item_InfinityGem_Icon5.Item_InfinityGem_Icon5',UncompletedIcon=Texture2D'/Game/Atlas/UI/Icons/Item_InfinityGem_Icon10.Item_InfinityGem_Icon10'),(PointOfInterestID=5,PointOfInterestName=\"Power Stone 6\",WorldMapPosition=(X=0.500000,Y=0.366667),CompletedIcon=Texture2D'/Game/Atlas/UI/Icons/Item_InfinityGem_Icon6.Item_InfinityGem_Icon6',UncompletedIcon=Texture2D'/Game/Atlas/UI/Icons/Item_InfinityGem_Icon10.Item_InfinityGem_Icon10'),(PointOfInterestID=6,PointOfInterestName=\"Power Stone 7\",WorldMapPosition=(X=0.833333,Y=0.766667),CompletedIcon=Texture2D'/Game/Atlas/UI/Icons/Item_InfinityGem_Icon7.Item_InfinityGem_Icon7',UncompletedIcon=Texture2D'/Game/Atlas/UI/Icons/Item_InfinityGem_Icon10.Item_InfinityGem_Icon10'),(PointOfInterestID=7,PointOfInterestName=\"Power Stone 8\",WorldMapPosition=(X=0.966667,Y=0.433333),CompletedIcon=Texture2D'/Game/Atlas/UI/Icons/Item_InfinityGem_Icon8.Item_InfinityGem_Icon8',UncompletedIcon=Texture2D'/Game/Atlas/UI/Icons/Item_InfinityGem_Icon10.Item_InfinityGem_Icon10'),(PointOfInterestID=8,PointOfInterestName=\"Power Stone 9 - Ghost Ship Route\",WorldMapPosition=(X=0.500000,Y=0.765000),CompletedIcon=Texture2D'/Game/Atlas/UI/Icons/HUD_GhostShip_Icon_Complete.HUD_GhostShip_Icon_Complete',UncompletedIcon=Texture2D'/Game/Atlas/UI/Icons/HUD_GhostShip_Icon.HUD_GhostShip_Icon'),(PointOfInterestID=9,PointOfInterestName=\"Bring all 9 Power Stones to Center Maw\",WorldMapPosition=(X=0.500000,Y=0.500000),CompletedIcon=Texture2D'/Game/Atlas/UI/Icons/HUD_BossLocation_Icon_Complete.HUD_BossLocation_Icon_Complete',UncompletedIcon=Texture2D'/Game/Atlas/UI/Icons/HUD_BossLocation_Icon.HUD_BossLocation_Icon')))))",
  "coordsScaling": 0.00015,
  "showServerInfo": false,
  "showDiscoZoneInfo": true,
  "showShipPathsInfo": false,
  "showIslandNames": true,
  "showBackground": true,
  "backgroundImgPath": "./WaterTiles/instinctworld-autoscaling.png",
  "discoZonesImagePath": "Resources/discoZoneBox.png",
  "servers": [
    {
      "gridX": 0,
      "gridY": 0,
      "MachineIdTag": "NA_AtlasPVP1_1",
      "ip": "0.0.0.0",
      "name": "Tropical Freeport",
      "port": 57555,
      "gamePort": 5755,
      "seamlessDataPort": 27000,
      "isHomeServer": true,
      "AdditionalCmdLineParams": "",
      "OverrideShooterGameModeDefaultGameIni": {},
      "floorZDist": 0,
      "utcOffset": 0,
      "transitionMinZ": 0,
      "GlobalBiomeSeamlessServerGridPreOffsetValues": "(BiomeZoneName=\"Tropical At Land\",PreOffsetMaxDistanceFromShore=100000.000000,PreOffsetTemperatureMultiplier=1.350000,PreOffsetTemperatureMultiplierMaxDistanceFromShore=1.200000,PreOffsetTemperatureAdditionMaxDistanceFromShore=2.000000,PreOffsetTemperatureAddition=6.000000,PreOffsetTemperatureExponent=1.000000,PreOffsetTemperatureExponentMaxDistanceFromShore=1.000000,BiomeZoneNameAltDistanceName=\"Tropical Open Water\",BiomeZoneNameAltDistanceAmount=0.000000)",
      "GlobalBiomeSeamlessServerGridPreOffsetValuesOceanWater": "(BiomeZoneName=\"Tropical Ocean Water\",PreOffsetMaxDistanceFromShore=17500.000000,PreOffsetTemperatureMultiplier=1.400000,PreOffsetTemperatureMultiplierMaxDistanceFromShore=1.250000,PreOffsetTemperatureAdditionMaxDistanceFromShore=-25.000000,PreOffsetTemperatureAddition=3.000000,PreOffsetTemperatureExponent=1.000000,PreOffsetTemperatureExponentMaxDistanceFromShore=1.000000,BiomeZoneNameAltDistanceName=\"Tropical Deep Ocean\",BiomeZoneNameAltDistanceAmount=0.500000)",
      "OceanDinoDepthEntriesOverride": "",
      "oceanFloatsamCratesOverride": "",
      "treasureMapLootTablesOverride": "",
      "oceanEpicSpawnEntriesOverrideTemplateName": "",
      "NPCShipSpawnEntriesOverrideTemplateName": "",
      "regionOverrides": "(SoundOverrides=(NavalCombatMusicDay=SoundWave'/Game/Atlas/Music/ATL_SeaCombatJungleDay_v1.ATL_SeaCombatJungleDay_v1',NavalCombatMusicNight=SoundWave'/Game/Atlas/Music/ATL_SeaCombatJungleNight_v1.ATL_SeaCombatJungleNight_v1',CombatMusicDay=SoundWave'/Game/Atlas/Music/ATL_LandCombatJungleDay_v1.ATL_LandCombatJungleDay_v1',CombatMusicNight=SoundWave'/Game/Atlas/Music/ATL_LandCombatJungleNight_v1.ATL_LandCombatJungleNight_v1',CombatMusicDay_Heavy=SoundWave'/Game/Atlas/Music/ATL_LandCombatJungleDay_v1.ATL_LandCombatJungleDay_v1',CombatMusicNight_Heavy=SoundWave'/Game/Atlas/Music/ATL_LandCombatJungleNight_v1.ATL_LandCombatJungleNight_v1',Sound_TransitionToMorning=SoundWave'/Game/Atlas/Stingers/ATL_Sting_JungleMorning.ATL_Sting_JungleMorning',Sound_TransitionToMidDay=SoundWave'/Game/Atlas/Stingers/ATL_Sting_JungleNoon.ATL_Sting_JungleNoon',Sound_TransitionToNight=SoundWave'/Game/Atlas/Stingers/ATL_Sting_JungleNight.ATL_Sting_JungleNight',Sound_SetSail=SoundWave'/Game/Atlas/Stingers/ATL_Sting_JungleSetSail.ATL_Sting_JungleSetSail',Sound_Respawn=None,Sound_CreateNewCharacter=None),bDisableClaimFlags=False)",
      "waterColorR": 0.12,
      "waterColorG": 0.63,
      "waterColorB": 0.7,
      "skyStyleIndex": 4,
      "serverIslandPointsMultiplier": 1.0,
      "ServerCustomDatas1": ",ChanceForCold,",
      "ServerCustomDatas2": ",0,",
      "ClientCustomDatas1": ",OceanDepthFadeExponent,",
      "ClientCustomDatas2": ",-0.6,",
      "sublevels": [
        {
          "name": "Cay_K",
          "additionalTranslationX": -13333.0625,
          "additionalTranslationY": -326666.344,
          "additionalTranslationZ": 0.0,
          "additionalRotationPitch": 0.0,
          "additionalRotationYaw": -12.5155106,
          "additionalRotationRoll": 0.0,
          "id": 1130,
          "landscapeMaterialOverride": 8
        },
        {
          "name": "Cay_K_Far_01E",
          "additionalTranslationX": -13333.0625,
          "additionalTranslationY": -326666.344,
          "additionalTranslationZ": 0.0,
          "additionalRotationPitch": 0.0,
          "additionalRotationYaw": -12.5155106,
          "additionalRotationRoll": 0.0,
          "id": 1130,
          "landscapeMaterialOverride": 8
        },
        {
          "name": "Cay_K_Farthest_01E",
          "additionalTranslationX": -13333.0625,
          "additionalTranslationY": -326666.344,
          "additionalTranslationZ": 0.0,
          "additionalRotationPitch": 0.0,
          "additionalRotationYaw": -12.5155106,
          "additionalRotationRoll": 0.0,
          "id": 1130,
          "landscapeMaterialOverride": 8
        },
        {
          "name": "Cay_K_Near_01E",
          "additionalTranslationX": -13333.0625,
          "additionalTranslationY": -326666.344,
          "additionalTranslationZ": 0.0,
          "additionalRotationPitch": 0.0,
          "additionalRotationYaw": -12.5155106,
          "additionalRotationRoll": 0.0,
          "id": 1130,
          "landscapeMaterialOverride": 8
        },
        {
          "name": "Cay_K_Marine_Warm_Near",
          "additionalTranslationX": -13333.0625,
          "additionalTranslationY": -326666.344,
          "additionalTranslationZ": 0.0,
          "additionalRotationPitch": 0.0,
          "additionalRotationYaw": -12.5155106,
          "additionalRotationRoll": 0.0,
          "id": 1130,
          "landscapeMaterialOverride": 8
        },
        {
          "name": "Cay_K",
          "additionalTranslationX": -40000.125,
          "additionalTranslationY": 326666.875,
          "additionalTranslationZ": 0.0,
          "additionalRotationPitch": 0.0,
          "additionalRotationYaw": 174.6899,
          "additionalRotationRoll": 0.0,
          "id": 1131,
          "landscapeMaterialOverride": 8
        },
        {
          "name": "Cay_K_Far_01E",
          "additionalTranslationX": -40000.125,
          "additionalTranslationY": 326666.875,
          "additionalTranslationZ": 0.0,
          "additionalRotationPitch": 0.0,
          "additionalRotationYaw": 174.6899,
          "additionalRotationRoll": 0.0,
          "id": 1131,
          "landscapeMaterialOverride": 8
        },
        {
          "name": "Cay_K_Farthest_01E",
          "additionalTranslationX": -40000.125,
          "additionalTranslationY": 326666.875,
          "additionalTranslationZ": 0.0,
          "additionalRotationPitch": 0.0,
          "additionalRotationYaw": 174.6899,
          "additionalRotationRoll": 0.0,
          "id": 1131,
          "landscapeMaterialOverride": 8
        },
        {
          "name": "Cay_K_Near_01E",
          "additionalTranslationX": -40000.125,
          "additionalTranslationY": 326666.875,
          "additionalTranslationZ": 0.0,
          "additionalRotationPitch": 0.0,
          "additionalRotationYaw": 174.6899,
          "additionalRotationRoll": 0.0,
          "id": 1131,
          "landscapeMaterialOverride": 8
        },
        {
          "name": "Cay_K_Marine_Warm_Near",
          "additionalTranslationX": -40000.125,
          "additionalTranslationY": 326666.875,
          "additionalTranslationZ": 0.0,
          "additionalRotationPitch": 0.0,
          "additionalRotationYaw": 174.6899,
          "additionalRotationRoll": 0.0,
          "id": 1131,
          "landscapeMaterialOverride": 8
        },
        {
          "name": "Cay_K",
          "additionalTranslationX": 326666.875,
          "additionalTranslationY": -53333.5,
          "additionalTranslationZ": 0.0,
          "additionalRotationPitch": 0.0,
          "additionalRotationYaw": 94.17583,
          "additionalRotationRoll": 0.0,
          "id": 1132,
          "landscapeMaterialOverride": 8
        },
        {
          "name": "Cay_K_Far_01E",
          "additionalTranslationX": 326666.875,
          "additionalTranslationY": -53333.5,
          "additionalTranslationZ": 0.0,
          "additionalRotationPitch": 0.0,
          "additionalRotationYaw": 94.17583,
          "additionalRotationRoll": 0.0,
          "id": 1132,
          "landscapeMaterialOverride": 8
        },
        {
          "name": "Cay_K_Farthest_01E",
          "additionalTranslationX": 326666.875,
          "additionalTranslationY": -53333.5,
          "additionalTranslationZ": 0.0,
          "additionalRotationPitch": 0.0,
          "additionalRotationYaw": 94.17583,
          "additionalRotationRoll": 0.0,
          "id": 1132,
          "landscapeMaterialOverride": 8
        },
        {
          "name": "Cay_K_Near_01E",
          "additionalTranslationX": 326666.875,
          "additionalTranslationY": -53333.5,
          "additionalTranslationZ": 0.0,
          "additionalRotationPitch": 0.0,
          "additionalRotationYaw": 94.17583,
          "additionalRotationRoll": 0.0,
          "id": 1132,
          "landscapeMaterialOverride": 8
        },
        {
          "name": "Cay_K_Marine_Warm_Near",
          "additionalTranslationX": 326666.875,
          "additionalTranslationY": -53333.5,
          "additionalTranslationZ": 0.0,
          "additionalRotationPitch": 0.0,
          "additionalRotationYaw": 94.17583,
          "additionalRotationRoll": 0.0,
          "id": 1132,
          "landscapeMaterialOverride": 8
        },
        {
          "name": "Cay_K",
          "additionalTranslationX": -413333.344,
          "additionalTranslationY": -53333.375,
          "additionalTranslationZ": 0.0,
          "additionalRotationPitch": 0.0,
          "additionalRotationYaw": -104.03624,
          "additionalRotationRoll": 0.0,
          "id": 1133,
          "landscapeMaterialOverride": 8
        },
        {
          "name": "Cay_K_Far_01E",
          "additionalTranslationX": -413333.344,
          "additionalTranslationY": -53333.375,
          "additionalTranslationZ": 0.0,
          "additionalRotationPitch": 0.0,
          "additionalRotationYaw": -104.03624,
          "additionalRotationRoll": 0.0,
          "id": 1133,
          "landscapeMaterialOverride": 8
        },
        {
          "name": "Cay_K_Farthest_01E",
          "additionalTranslationX": -413333.344,
          "additionalTranslationY": -53333.375,
          "additionalTranslationZ": 0.0,
          "additionalRotationPitch": 0.0,
          "additionalRotationYaw": -104.03624,
          "additionalRotationRoll": 0.0,
          "id": 1133,
          "landscapeMaterialOverride": 8
        },
        {
          "name": "Cay_K_Near_01E",
          "additionalTranslationX": -413333.344,
          "additionalTranslationY": -53333.375,
          "additionalTranslationZ": 0.0,
          "additionalRotationPitch": 0.0,
          "additionalRotationYaw": -104.03624,
          "additionalRotationRoll": 0.0,
          "id": 1133,
          "landscapeMaterialOverride": 8
        },
        {
          "name": "Cay_K_Marine_Warm_Near",
          "additionalTranslationX": -413333.344,
          "additionalTranslationY": -53333.375,
          "additionalTranslationZ": 0.0,
          "additionalRotationPitch": 0.0,
          "additionalRotationYaw": -104.03624,
          "additionalRotationRoll": 0.0,
          "id": 1133,
          "landscapeMaterialOverride": 8
        }
      ],
      "lastModified": "2018-12-20T04:03:27.6161064Z",
      "lastImageOverride": "0001-01-01T00:00:00",
      "islandLocked": false,
      "discoLocked": false,
      "pathsLocked": false,
      "extraSublevels": [],
      "totalExtraSublevels": [
        "MasterIBL_Tropical",
        "MasterIBL_Tropical_Canopy_Oak",
        "MasterIBL_Tropical_Canopy_RE"
      ],
      "islandInstances": [
        {
          "name": "Cay_K_TR_E",
          "id": 1130,
          "spawnerOverrides": {},
          "treasureMapSpawnPoints": [
            "-66611.695313 23870.779297 1119.645264",
            "-56894.992188 23129.720703 1547.119263",
            "-46776.437500 18413.625000 1367.168457",
            "-42454.246094 28190.361328 1504.700562",
            "-30430.894531 30930.105469 1887.389771",
            "-17834.648438 40280.207031 1514.529907",
            "-9077.193359 49066.234375 1247.075073",
            "5109.282715 43735.550781 1135.629639",
            "5185.282227 37379.707031 1623.635254",
            "16751.585938 39013.679688 1734.862671",
            "24869.728516 42470.886719 969.653381",
            "33952.273438 46354.203125 1477.027588",
            "43495.273438 50606.890625 861.569458",
            "55119.843750 50054.675781 1088.988403",
            "66806.273438 52031.050781 1138.818237",
            "76103.054688 53124.273438 837.893250",
            "51049.179688 67303.375000 1753.016357",
            "40877.886719 70970.242188 1137.995605",
            "32499.974609 64266.343750 1220.061279",
            "24222.343750 54169.210938 1198.050049",
            "5989.566406 61210.718750 1165.321899"
          ],
          "wildPirateCampSpawnPoints": [
            "-54797.125000 18209.134766 5332.594727",
            "-31712.458984 49726.527344 3331.529541",
            "6724.185059 63274.882813 7710.189453",
            "34749.980469 24678.939453 3750.289795",
            "42397.136719 70951.187500 5718.635742"
          ],
          "minTreasureQuality": -1.0,
          "maxTreasureQuality": -1.0,
          "useNpcVolumesForTreasures": false,
          "useLevelBoundsForTreasures": true,
          "prioritizeVolumesForTreasures": false,
          "islandPoints": -1,
          "islandTreasureBottleSupplyCrateOverrides": "",
          "spawnPointRegionOverride": 0,
          "islandWidth": 254000.0,
          "islandHeight": 254000.0,
          "singleSpawnPointX": 22394.0,
          "singleSpawnPointY": 20343.0,
          "singleSpawnPointZ": 723.0,
          "maxIslandClaimFlagZ": 3600.0,
          "worldX": 686666.938,
          "worldY": 373333.656,
          "rotation": -12.5155106
        },
        {
          "name": "Cay_K_TR_E",
          "id": 1131,
          "spawnerOverrides": {},
          "treasureMapSpawnPoints": [
            "-66611.695313 23870.779297 1119.645264",
            "-56894.992188 23129.720703 1547.119263",
            "-46776.437500 18413.625000 1367.168457",
            "-42454.246094 28190.361328 1504.700562",
            "-30430.894531 30930.105469 1887.389771",
            "-17834.648438 40280.207031 1514.529907",
            "-9077.193359 49066.234375 1247.075073",
            "5109.282715 43735.550781 1135.629639",
            "5185.282227 37379.707031 1623.635254",
            "16751.585938 39013.679688 1734.862671",
            "24869.728516 42470.886719 969.653381",
            "33952.273438 46354.203125 1477.027588",
            "43495.273438 50606.890625 861.569458",
            "55119.843750 50054.675781 1088.988403",
            "66806.273438 52031.050781 1138.818237",
            "76103.054688 53124.273438 837.893250",
            "51049.179688 67303.375000 1753.016357",
            "40877.886719 70970.242188 1137.995605",
            "32499.974609 64266.343750 1220.061279",
            "24222.343750 54169.210938 1198.050049",
            "5989.566406 61210.718750 1165.321899"
          ],
          "wildPirateCampSpawnPoints": [
            "-54797.125000 18209.134766 5332.594727",
            "-31712.458984 49726.527344 3331.529541",
            "6724.185059 63274.882813 7710.189453",
            "34749.980469 24678.939453 3750.289795",
            "42397.136719 70951.187500 5718.635742"
          ],
          "minTreasureQuality": -1.0,
          "maxTreasureQuality": -1.0,
          "useNpcVolumesForTreasures": false,
          "useLevelBoundsForTreasures": true,
          "prioritizeVolumesForTreasures": false,
          "islandPoints": -1,
          "islandTreasureBottleSupplyCrateOverrides": "",
          "spawnPointRegionOverride": 2,
          "islandWidth": 254000.0,
          "islandHeight": 254000.0,
          "singleSpawnPointX": 22394.0,
          "singleSpawnPointY": 20343.0,
          "singleSpawnPointZ": 723.0,
          "maxIslandClaimFlagZ": 3600.0,
          "worldX": 659999.9,
          "worldY": 1026666.88,
          "rotation": 174.6899
        },
        {
          "name": "Cay_K_TR_E",
          "id": 1132,
          "spawnerOverrides": {},
          "treasureMapSpawnPoints": [
            "-66611.695313 23870.779297 1119.645264",
            "-56894.992188 23129.720703 1547.119263",
            "-46776.437500 18413.625000 1367.168457",
            "-42454.246094 28190.361328 1504.700562",
            "-30430.894531 30930.105469 1887.389771",
            "-17834.648438 40280.207031 1514.529907",
            "-9077.193359 49066.234375 1247.075073",
            "5109.282715 43735.550781 1135.629639",
            "5185.282227 37379.707031 1623.635254",
            "16751.585938 39013.679688 1734.862671",
            "24869.728516 42470.886719 969.653381",
            "33952.273438 46354.203125 1477.027588",
            "43495.273438 50606.890625 861.569458",
            "55119.843750 50054.675781 1088.988403",
            "66806.273438 52031.050781 1138.818237",
            "76103.054688 53124.273438 837.893250",
            "51049.179688 67303.375000 1753.016357",
            "40877.886719 70970.242188 1137.995605",
            "32499.974609 64266.343750 1220.061279",
            "24222.343750 54169.210938 1198.050049",
            "5989.566406 61210.718750 1165.321899"
          ],
          "wildPirateCampSpawnPoints": [
            "-54797.125000 18209.134766 5332.594727",
            "-31712.458984 49726.527344 3331.529541",
            "6724.185059 63274.882813 7710.189453",
            "34749.980469 24678.939453 3750.289795",
            "42397.136719 70951.187500 5718.635742"
          ],
          "minTreasureQuality": -1.0,
          "maxTreasureQuality": -1.0,
          "useNpcVolumesForTreasures": false,
          "useLevelBoundsForTreasures": true,
          "prioritizeVolumesForTreasures": false,
          "islandPoints": -1,
          "islandTreasureBottleSupplyCrateOverrides": "",
          "spawnPointRegionOverride": 1,
          "islandWidth": 254000.0,
          "islandHeight": 254000.0,
          "singleSpawnPointX": 22394.0,
          "singleSpawnPointY": 20343.0,
          "singleSpawnPointZ": 723.0,
          "maxIslandClaimFlagZ": 3600.0,
          "worldX": 1026666.88,
          "worldY": 646666.5,
          "rotation": 94.17583
        },
        {
          "name": "Cay_K_TR_E",
          "id": 1133,
          "spawnerOverrides": {},
          "treasureMapSpawnPoints": [
            "-66611.695313 23870.779297 1119.645264",
            "-56894.992188 23129.720703 1547.119263",
            "-46776.437500 18413.625000 1367.168457",
            "-42454.246094 28190.361328 1504.700562",
            "-30430.894531 30930.105469 1887.389771",
            "-17834.648438 40280.207031 1514.529907",
            "-9077.193359 49066.234375 1247.075073",
            "5109.282715 43735.550781 1135.629639",
            "5185.282227 37379.707031 1623.635254",
            "16751.585938 39013.679688 1734.862671",
            "24869.728516 42470.886719 969.653381",
            "33952.273438 46354.203125 1477.027588",
            "43495.273438 50606.890625 861.569458",
            "55119.843750 50054.675781 1088.988403",
            "66806.273438 52031.050781 1138.818237",
            "76103.054688 53124.273438 837.893250",
            "51049.179688 67303.375000 1753.016357",
            "40877.886719 70970.242188 1137.995605",
            "32499.974609 64266.343750 1220.061279",
            "24222.343750 54169.210938 1198.050049",
            "5989.566406 61210.718750 1165.321899"
          ],
          "wildPirateCampSpawnPoints": [
            "-54797.125000 18209.134766 5332.594727",
            "-31712.458984 49726.527344 3331.529541",
            "6724.185059 63274.882813 7710.189453",
            "34749.980469 24678.939453 3750.289795",
            "42397.136719 70951.187500 5718.635742"
          ],
          "minTreasureQuality": -1.0,
          "maxTreasureQuality": -1.0,
          "useNpcVolumesForTreasures": false,
          "useLevelBoundsForTreasures": true,
          "prioritizeVolumesForTreasures": false,
          "islandPoints": -1,
          "islandTreasureBottleSupplyCrateOverrides": "",
          "spawnPointRegionOverride": 3,
          "islandWidth": 254000.0,
          "islandHeight": 254000.0,
          "singleSpawnPointX": 22394.0,
          "singleSpawnPointY": 20343.0,
          "singleSpawnPointZ": 723.0,
          "maxIslandClaimFlagZ": 3600.0,
          "worldX": 286666.656,
          "worldY": 646666.6,
          "rotation": -104.03624
        }
      ],
      "discoZones": [],
      "spawnRegions": [
        {
          "name": "North"
        },
        {
          "name": "East"
        },
        {
          "name": "South"
        },
        {
          "name": "West"
        }
      ],
      "serverTemplateName": "Tropical"
    },
    {
      "gridX": 0,
      "gridY": 1,
      "MachineIdTag": "NA_AtlasPVP1_1",
      "ip": "0.0.0.0",
      "name": "",
      "port": 57557,
      "gamePort": 5757,
      "seamlessDataPort": 27004,
      "isHomeServer": false,
      "AdditionalCmdLineParams": "",
      "OverrideShooterGameModeDefaultGameIni": {},
      "floorZDist": 0,
      "utcOffset": 0,
      "transitionMinZ": 0,
      "GlobalBiomeSeamlessServerGridPreOffsetValues": "(BiomeZoneName=\"Tropical At Land\",PreOffsetMaxDistanceFromShore=100000.000000,PreOffsetTemperatureMultiplier=1.350000,PreOffsetTemperatureMultiplierMaxDistanceFromShore=1.200000,PreOffsetTemperatureAdditionMaxDistanceFromShore=2.000000,PreOffsetTemperatureAddition=6.000000,PreOffsetTemperatureExponent=1.000000,PreOffsetTemperatureExponentMaxDistanceFromShore=1.000000,BiomeZoneNameAltDistanceName=\"Tropical Open Water\",BiomeZoneNameAltDistanceAmount=0.000000)",
      "GlobalBiomeSeamlessServerGridPreOffsetValuesOceanWater": "(BiomeZoneName=\"Tropical Ocean Water\",PreOffsetMaxDistanceFromShore=17500.000000,PreOffsetTemperatureMultiplier=1.400000,PreOffsetTemperatureMultiplierMaxDistanceFromShore=1.250000,PreOffsetTemperatureAdditionMaxDistanceFromShore=-25.000000,PreOffsetTemperatureAddition=3.000000,PreOffsetTemperatureExponent=1.000000,PreOffsetTemperatureExponentMaxDistanceFromShore=1.000000,BiomeZoneNameAltDistanceName=\"Tropical Deep Ocean\",BiomeZoneNameAltDistanceAmount=0.500000)",
      "OceanDinoDepthEntriesOverride": "",
      "oceanFloatsamCratesOverride": "",
      "treasureMapLootTablesOverride": "",
      "oceanEpicSpawnEntriesOverrideTemplateName": "",
      "NPCShipSpawnEntriesOverrideTemplateName": "",
      "regionOverrides": "(SoundOverrides=(NavalCombatMusicDay=SoundWave'/Game/Atlas/Music/ATL_SeaCombatJungleDay_v1.ATL_SeaCombatJungleDay_v1',NavalCombatMusicNight=SoundWave'/Game/Atlas/Music/ATL_SeaCombatJungleNight_v1.ATL_SeaCombatJungleNight_v1',CombatMusicDay=SoundWave'/Game/Atlas/Music/ATL_LandCombatJungleDay_v1.ATL_LandCombatJungleDay_v1',CombatMusicNight=SoundWave'/Game/Atlas/Music/ATL_LandCombatJungleNight_v1.ATL_LandCombatJungleNight_v1',CombatMusicDay_Heavy=SoundWave'/Game/Atlas/Music/ATL_LandCombatJungleDay_v1.ATL_LandCombatJungleDay_v1',CombatMusicNight_Heavy=SoundWave'/Game/Atlas/Music/ATL_LandCombatJungleNight_v1.ATL_LandCombatJungleNight_v1',Sound_TransitionToMorning=SoundWave'/Game/Atlas/Stingers/ATL_Sting_JungleMorning.ATL_Sting_JungleMorning',Sound_TransitionToMidDay=SoundWave'/Game/Atlas/Stingers/ATL_Sting_JungleNoon.ATL_Sting_JungleNoon',Sound_TransitionToNight=SoundWave'/Game/Atlas/Stingers/ATL_Sting_JungleNight.ATL_Sting_JungleNight',Sound_SetSail=SoundWave'/Game/Atlas/Stingers/ATL_Sting_JungleSetSail.ATL_Sting_JungleSetSail',Sound_Respawn=None,Sound_CreateNewCharacter=None),bDisableClaimFlags=False)",
      "waterColorR": 0.12,
      "waterColorG": 0.63,
      "waterColorB": 0.7,
      "skyStyleIndex": 4,
      "serverIslandPointsMultiplier": 1.0,
      "ServerCustomDatas1": ",ChanceForCold,",
      "ServerCustomDatas2": ",0,",
      "ClientCustomDatas1": ",OceanDepthFadeExponent,",
      "ClientCustomDatas2": ",-0.6,",
      "sublevels": [
        {
          "name": "Cay_J",
          "additionalTranslationX": 119999.938,
          "additionalTranslationY": -40000.125,
          "additionalTranslationZ": 0.0,
          "additionalRotationPitch": 0.0,
          "additionalRotationYaw": 0.0,
          "additionalRotationRoll": 0.0,
          "id": 1134,
          "landscapeMaterialOverride": 8
        },
        {
          "name": "Cay_J_Far_01B",
          "additionalTranslationX": 119999.938,
          "additionalTranslationY": -40000.125,
          "additionalTranslationZ": 0.0,
          "additionalRotationPitch": 0.0,
          "additionalRotationYaw": 0.0,
          "additionalRotationRoll": 0.0,
          "id": 1134,
          "landscapeMaterialOverride": 8
        },
        {
          "name": "Cay_J_Farthest_01B",
          "additionalTranslationX": 119999.938,
          "additionalTranslationY": -40000.125,
          "additionalTranslationZ": 0.0,
          "additionalRotationPitch": 0.0,
          "additionalRotationYaw": 0.0,
          "additionalRotationRoll": 0.0,
          "id": 1134,
          "landscapeMaterialOverride": 8
        },
        {
          "name": "Cay_J_Near_01B",
          "additionalTranslationX": 119999.938,
          "additionalTranslationY": -40000.125,
          "additionalTranslationZ": 0.0,
          "additionalRotationPitch": 0.0,
          "additionalRotationYaw": 0.0,
          "additionalRotationRoll": 0.0,
          "id": 1134,
          "landscapeMaterialOverride": 8
        },
        {
          "name": "Cay_J_Marine_Warm_Near",
          "additionalTranslationX": 119999.938,
          "additionalTranslationY": -40000.125,
          "additionalTranslationZ": 0.0,
          "additionalRotationPitch": 0.0,
          "additionalRotationYaw": 0.0,
          "additionalRotationRoll": 0.0,
          "id": 1134,
          "landscapeMaterialOverride": 8
        },
        {
          "name": "Cay_J",
          "additionalTranslationX": -386666.7,
          "additionalTranslationY": -413333.375,
          "additionalTranslationZ": 0.0,
          "additionalRotationPitch": 0.0,
          "additionalRotationYaw": -167.6896,
          "additionalRotationRoll": 0.0,
          "id": 1135,
          "landscapeMaterialOverride": 8
        },
        {
          "name": "Cay_J_Far_01",
          "additionalTranslationX": -386666.7,
          "additionalTranslationY": -413333.375,
          "additionalTranslationZ": 0.0,
          "additionalRotationPitch": 0.0,
          "additionalRotationYaw": -167.6896,
          "additionalRotationRoll": 0.0,
          "id": 1135,
          "landscapeMaterialOverride": 8
        },
        {
          "name": "Cay_J_Farthest_01",
          "additionalTranslationX": -386666.7,
          "additionalTranslationY": -413333.375,
          "additionalTranslationZ": 0.0,
          "additionalRotationPitch": 0.0,
          "additionalRotationYaw": -167.6896,
          "additionalRotationRoll": 0.0,
          "id": 1135,
          "landscapeMaterialOverride": 8
        },
        {
          "name": "Cay_J_Near_01",
          "additionalTranslationX": -386666.7,
          "additionalTranslationY": -413333.375,
          "additionalTranslationZ": 0.0,
          "additionalRotationPitch": 0.0,
          "additionalRotationYaw": -167.6896,
          "additionalRotationRoll": 0.0,
          "id": 1135,
          "landscapeMaterialOverride": 8
        },
        {
          "name": "Cay_J_Marine_Warm_Near",
          "additionalTranslationX": -386666.7,
          "additionalTranslationY": -413333.375,
          "additionalTranslationZ": 0.0,
          "additionalRotationPitch": 0.0,
          "additionalRotationYaw": -167.6896,
          "additionalRotationRoll": 0.0,
          "id": 1135,
          "landscapeMaterialOverride": 8
        },
        {
          "name": "Cay_I",
          "additionalTranslationX": -293333.344,
          "additionalTranslationY": 273333.25,
          "additionalTranslationZ": 0.0,
          "additionalRotationPitch": 0.0,
          "additionalRotationYaw": 0.0,
          "additionalRotationRoll": 0.0,
          "id": 1136,
          "landscapeMaterialOverride": 8
        },
        {
          "name": "Cay_I_Far_01",
          "additionalTranslationX": -293333.344,
          "additionalTranslationY": 273333.25,
          "additionalTranslationZ": 0.0,
          "additionalRotationPitch": 0.0,
          "additionalRotationYaw": 0.0,
          "additionalRotationRoll": 0.0,
          "id": 1136,
          "landscapeMaterialOverride": 8
        },
        {
          "name": "Cay_I_Farthest_01",
          "additionalTranslationX": -293333.344,
          "additionalTranslationY": 273333.25,
          "additionalTranslationZ": 0.0,
          "additionalRotationPitch": 0.0,
          "additionalRotationYaw": 0.0,
          "additionalRotationRoll": 0.0,
          "id": 1136,
          "landscapeMaterialOverride": 8
        },
        {
          "name": "Cay_I_Near_01",
          "additionalTranslationX": -293333.344,
          "additionalTranslationY": 273333.25,
          "additionalTranslationZ": 0.0,
          "additionalRotationPitch": 0.0,
          "additionalRotationYaw": 0.0,
          "additionalRotationRoll": 0.0,
          "id": 1136,
          "landscapeMaterialOverride": 8
        },
        {
          "name": "Cay_I_Marine_Warm_Near",
          "additionalTranslationX": -293333.344,
          "additionalTranslationY": 273333.25,
          "additionalTranslationZ": 0.0,
          "additionalRotationPitch": 0.0,
          "additionalRotationYaw": 0.0,
          "additionalRotationRoll": 0.0,
          "id": 1136,
          "landscapeMaterialOverride": 8
        },
        {
          "name": "Cay_H",
          "additionalTranslationX": 473333.25,
          "additionalTranslationY": -400000.125,
          "additionalTranslationZ": 0.0,
          "additionalRotationPitch": 0.0,
          "additionalRotationYaw": 0.0,
          "additionalRotationRoll": 0.0,
          "id": 1137,
          "landscapeMaterialOverride": 8
        },
        {
          "name": "Cay_H_Far_01",
          "additionalTranslationX": 473333.25,
          "additionalTranslationY": -400000.125,
          "additionalTranslationZ": 0.0,
          "additionalRotationPitch": 0.0,
          "additionalRotationYaw": 0.0,
          "additionalRotationRoll": 0.0,
          "id": 1137,
          "landscapeMaterialOverride": 8
        },
        {
          "name": "Cay_H_Farthest_01",
          "additionalTranslationX": 473333.25,
          "additionalTranslationY": -400000.125,
          "additionalTranslationZ": 0.0,
          "additionalRotationPitch": 0.0,
          "additionalRotationYaw": 0.0,
          "additionalRotationRoll": 0.0,
          "id": 1137,
          "landscapeMaterialOverride": 8
        },
        {
          "name": "Cay_H_Near_01",
          "additionalTranslationX": 473333.25,
          "additionalTranslationY": -400000.125,
          "additionalTranslationZ": 0.0,
          "additionalRotationPitch": 0.0,
          "additionalRotationYaw": 0.0,
          "additionalRotationRoll": 0.0,
          "id": 1137,
          "landscapeMaterialOverride": 8
        },
        {
          "name": "Cay_H_Marine_Warm_Near",
          "additionalTranslationX": 473333.25,
          "additionalTranslationY": -400000.125,
          "additionalTranslationZ": 0.0,
          "additionalRotationPitch": 0.0,
          "additionalRotationYaw": 0.0,
          "additionalRotationRoll": 0.0,
          "id": 1137,
          "landscapeMaterialOverride": 8
        }
      ],
      "lastModified": "2018-12-20T04:07:48.407751Z",
      "lastImageOverride": "0001-01-01T00:00:00",
      "islandLocked": false,
      "discoLocked": false,
      "pathsLocked": false,
      "extraSublevels": [],
      "totalExtraSublevels": [
        "MasterIBL_Tropical",
        "MasterIBL_Tropical_Canopy_Oak",
        "MasterIBL_Tropical_Canopy_RE"
      ],
      "islandInstances": [
        {
          "name": "Cay_JB_TR",
          "id": 1134,
          "spawnerOverrides": {},
          "treasureMapSpawnPoints": [
            "80761.359375 -61638.718750 1049.387573",
            "80520.453125 6747.768555 935.683044",
            "66622.554688 7074.782715 1473.878906",
            "51960.878906 7864.550781 1464.408447",
            "-16495.505859 -10566.014648 2241.053467",
            "-18895.363281 3741.664551 3329.547607",
            "-15640.063477 23640.554688 2647.778809",
            "-34661.234375 13066.942383 1437.167969",
            "-38675.839844 22938.189453 1160.305664",
            "-40092.656250 41787.488281 783.265259",
            "-52082.125000 44062.917969 730.796997",
            "-57333.332031 46762.917969 1415.847656",
            "-44823.367188 49623.082031 626.820740",
            "-37057.957031 51230.445313 910.972107",
            "-27845.298828 63529.199219 1028.789551",
            "-23940.037109 71605.007813 779.462463",
            "-16950.080078 74295.656250 788.103455",
            "-14163.501953 83384.773438 1072.460693",
            "-10365.036133 93212.937500 905.639221",
            "-1398.637939 100735.820313 1519.827148"
          ],
          "wildPirateCampSpawnPoints": [
            "-37352.078125 13863.171875 4639.089355",
            "-44445.468750 49138.449219 3804.154297",
            "-20502.125000 68158.484375 5872.212891",
            "525.228577 94826.265625 4801.304688",
            "59707.433594 10087.282227 3245.030518"
          ],
          "minTreasureQuality": -1.0,
          "maxTreasureQuality": -1.0,
          "useNpcVolumesForTreasures": false,
          "useLevelBoundsForTreasures": true,
          "prioritizeVolumesForTreasures": false,
          "islandPoints": 1,
          "islandTreasureBottleSupplyCrateOverrides": "",
          "islandWidth": 306000.0,
          "islandHeight": 306000.0,
          "singleSpawnPointX": -23788.0,
          "singleSpawnPointY": 59067.0,
          "singleSpawnPointZ": 1500.0,
          "maxIslandClaimFlagZ": 3600.0,
          "worldX": 819999.938,
          "worldY": 2059999.88,
          "rotation": 0.0
        },
        {
          "name": "Cay_J_TR",
          "id": 1135,
          "spawnerOverrides": {},
          "treasureMapSpawnPoints": [
            "3203.054688 105136.367188 1011.422729",
            "-3166.508545 105987.945313 1150.972534",
            "-9065.252930 97136.609375 1097.004395",
            "-4305.775879 89469.507813 1180.401001",
            "-2205.776123 81182.953125 1548.057861",
            "-4218.561523 75929.492188 730.794189",
            "-11590.183594 70145.367188 1006.882324",
            "-21215.818359 64509.832031 1002.777954",
            "-27252.697266 60386.445313 904.743896",
            "-34723.570313 52400.324219 817.528687",
            "-41075.273438 44538.218750 787.097595",
            "-53380.812500 43021.285156 614.598328",
            "-59018.179688 43191.277344 940.481079",
            "-66112.164063 42345.769531 2160.334961",
            "-40966.113281 22285.482422 952.315674",
            "-41163.324219 16126.653320 1211.879395",
            "-33883.882813 13364.245117 1080.821289",
            "-17970.294922 17711.257813 2828.850342",
            "-21081.171875 -3013.232910 2764.356445"
          ],
          "wildPirateCampSpawnPoints": [
            "-33663.425781 18747.609375 2634.193359",
            "-47954.300781 45292.183594 2844.538086",
            "-19563.501953 68769.179688 3984.110840",
            "1738.878296 100339.039063 3059.045898",
            "56156.625000 10817.216797 4566.887207"
          ],
          "minTreasureQuality": -1.0,
          "maxTreasureQuality": -1.0,
          "useNpcVolumesForTreasures": false,
          "useLevelBoundsForTreasures": true,
          "prioritizeVolumesForTreasures": false,
          "islandPoints": 1,
          "islandTreasureBottleSupplyCrateOverrides": "",
          "islandWidth": 306000.0,
          "islandHeight": 306000.0,
          "singleSpawnPointX": -23788.0,
          "singleSpawnPointY": 59067.0,
          "singleSpawnPointZ": 1500.0,
          "maxIslandClaimFlagZ": 3600.0,
          "worldX": 313333.3,
          "worldY": 1686666.63,
          "rotation": -167.6896
        },
        {
          "name": "Cay_I_TR",
          "id": 1136,
          "spawnerOverrides": {},
          "treasureMapSpawnPoints": [
            "-31805.458984 57950.984375 1167.286987",
            "-19983.455078 58160.062500 1328.540527",
            "-12244.090820 72297.875000 1112.820679",
            "-27900.197266 66143.578125 1051.064087",
            "-38085.152344 67316.187500 627.634888",
            "-15828.170898 22141.015625 3125.606201",
            "-18867.181641 -1669.660767 3002.922363",
            "-51113.773438 -13385.411133 1156.999146",
            "-65409.605469 -14832.456055 1432.690796",
            "-68515.882813 -19866.917969 1378.663330",
            "-79981.054688 -28287.330078 1285.838135",
            "-89818.882813 -33708.164063 1345.636597",
            "-90492.750000 -38495.464844 1175.395142",
            "-85677.437500 -39243.441406 1908.094360",
            "-81806.164063 -42545.632813 985.132507",
            "-75514.335938 -45400.035156 1442.525879",
            "-71222.578125 -43301.167969 1279.451050",
            "-77243.062500 -57151.281250 920.691162",
            "-69691.757813 -70916.648438 1149.883789",
            "-61833.191406 -49896.027344 984.571838",
            "-70792.523438 -55195.277344 921.980591"
          ],
          "wildPirateCampSpawnPoints": [
            "-78462.445313 -45427.914063 4766.512695",
            "-52911.222656 -18736.041016 6745.067871",
            "-27699.457031 66024.828125 4283.383301",
            "-8452.428711 -45041.148438 1662.812134",
            "-64825.730469 -27199.669922 6372.613770"
          ],
          "minTreasureQuality": -1.0,
          "maxTreasureQuality": -1.0,
          "useNpcVolumesForTreasures": false,
          "useLevelBoundsForTreasures": true,
          "prioritizeVolumesForTreasures": false,
          "islandPoints": 1,
          "islandTreasureBottleSupplyCrateOverrides": "",
          "islandWidth": 255000.0,
          "islandHeight": 255000.0,
          "singleSpawnPointX": -7329.0,
          "singleSpawnPointY": -43301.0,
          "singleSpawnPointZ": 1650.0,
          "maxIslandClaimFlagZ": 4200.0,
          "worldX": 406666.656,
          "worldY": 2373333.25,
          "rotation": 0.0
        },
        {
          "name": "Cay_H_TR",
          "id": 1137,
          "spawnerOverrides": {},
          "treasureMapSpawnPoints": [
            "-56323.511719 -33585.812500 1072.050415",
            "-58419.992188 -29717.378906 950.990479",
            "-67337.945313 -29283.007813 677.753723",
            "-65270.261719 -19628.453125 1092.259399",
            "-58538.816406 -8442.219727 507.462311",
            "-49214.078125 -2364.522949 698.055176",
            "-38658.097656 2618.067139 988.904175",
            "-26301.316406 1836.608154 1207.870483",
            "-11500.685547 -2861.477539 1703.410889",
            "6240.191895 4667.729004 920.653137",
            "14003.046875 -8868.817383 784.039856",
            "12314.619141 14834.940430 801.385498",
            "10352.498047 26569.216797 1082.211060",
            "12247.700195 40008.242188 917.369385",
            "2858.331543 49174.632813 1061.063599",
            "-15837.443359 57660.355469 1240.928833",
            "-10037.181641 70066.078125 1249.600342",
            "-13332.686523 81654.390625 1718.096069",
            "-24383.980469 75363.210938 1065.268311",
            "-29635.394531 59690.734375 1263.242188",
            "-20861.228516 45024.714844 1029.773315",
            "-24256.714844 33371.671875 848.523621"
          ],
          "wildPirateCampSpawnPoints": [
            "6597.347656 14028.076172 4797.425293",
            "-5547.068848 46942.632813 3817.553467",
            "-24097.066406 75739.085938 3171.290039",
            "-48760.632813 -26423.039063 3237.085205",
            "-66644.585938 -75018.171875 3070.193604"
          ],
          "minTreasureQuality": -1.0,
          "maxTreasureQuality": -1.0,
          "useNpcVolumesForTreasures": false,
          "useLevelBoundsForTreasures": true,
          "prioritizeVolumesForTreasures": false,
          "islandPoints": 1,
          "islandTreasureBottleSupplyCrateOverrides": "",
          "islandWidth": 255000.0,
          "islandHeight": 255000.0,
          "singleSpawnPointX": -6679.0,
          "singleSpawnPointY": -38236.0,
          "singleSpawnPointZ": 1700.0,
          "maxIslandClaimFlagZ": 3700.0,
          "worldX": 1173333.25,
          "worldY": 1699999.88,
          "rotation": 0.0
        }
      ],
      "discoZones": [
        {
          "name": "Southern Discovery Island",
          "sizeX": 420000.0,
          "sizeY": 440000.1,
          "sizeZ": 40000.0,
          "id": 1146,
          "xp": 0.0,
          "bIsManuallyPlaced": false,
          "explorerNoteIndex": 0,
          "allowSea": false,
          "worldX": 796666.6,
          "worldY": 2040000.0,
          "rotation": 0.0
        }
      ],
      "spawnRegions": [],
      "serverTemplateName": "Tropical"
    },
    {
      "gridX": 1,
      "gridY": 0,
      "MachineIdTag": "NA_AtlasPVP1_4",
      "ip": "0.0.0.0",
      "name": "",
      "port": 57561,
      "gamePort": 5761,
      "seamlessDataPort": 27012,
      "isHomeServer": false,
      "AdditionalCmdLineParams": "",
      "OverrideShooterGameModeDefaultGameIni": {},
      "floorZDist": 0,
      "utcOffset": 0,
      "transitionMinZ": 0,
      "GlobalBiomeSeamlessServerGridPreOffsetValues": "(BiomeZoneName=\"Tropical At Land\",PreOffsetMaxDistanceFromShore=100000.000000,PreOffsetTemperatureMultiplier=1.350000,PreOffsetTemperatureMultiplierMaxDistanceFromShore=1.200000,PreOffsetTemperatureAdditionMaxDistanceFromShore=2.000000,PreOffsetTemperatureAddition=6.000000,PreOffsetTemperatureExponent=1.000000,PreOffsetTemperatureExponentMaxDistanceFromShore=1.000000,BiomeZoneNameAltDistanceName=\"Tropical Open Water\",BiomeZoneNameAltDistanceAmount=0.000000)",
      "GlobalBiomeSeamlessServerGridPreOffsetValuesOceanWater": "(BiomeZoneName=\"Tropical Ocean Water\",PreOffsetMaxDistanceFromShore=17500.000000,PreOffsetTemperatureMultiplier=1.400000,PreOffsetTemperatureMultiplierMaxDistanceFromShore=1.250000,PreOffsetTemperatureAdditionMaxDistanceFromShore=-25.000000,PreOffsetTemperatureAddition=3.000000,PreOffsetTemperatureExponent=1.000000,PreOffsetTemperatureExponentMaxDistanceFromShore=1.000000,BiomeZoneNameAltDistanceName=\"Tropical Deep Ocean\",BiomeZoneNameAltDistanceAmount=0.500000)",
      "OceanDinoDepthEntriesOverride": "",
      "oceanFloatsamCratesOverride": "",
      "treasureMapLootTablesOverride": "",
      "oceanEpicSpawnEntriesOverrideTemplateName": "",
      "NPCShipSpawnEntriesOverrideTemplateName": "",
      "regionOverrides": "(SoundOverrides=(NavalCombatMusicDay=SoundWave'/Game/Atlas/Music/ATL_SeaCombatJungleDay_v1.ATL_SeaCombatJungleDay_v1',NavalCombatMusicNight=SoundWave'/Game/Atlas/Music/ATL_SeaCombatJungleNight_v1.ATL_SeaCombatJungleNight_v1',CombatMusicDay=SoundWave'/Game/Atlas/Music/ATL_LandCombatJungleDay_v1.ATL_LandCombatJungleDay_v1',CombatMusicNight=SoundWave'/Game/Atlas/Music/ATL_LandCombatJungleNight_v1.ATL_LandCombatJungleNight_v1',CombatMusicDay_Heavy=SoundWave'/Game/Atlas/Music/ATL_LandCombatJungleDay_v1.ATL_LandCombatJungleDay_v1',CombatMusicNight_Heavy=SoundWave'/Game/Atlas/Music/ATL_LandCombatJungleNight_v1.ATL_LandCombatJungleNight_v1',Sound_TransitionToMorning=SoundWave'/Game/Atlas/Stingers/ATL_Sting_JungleMorning.ATL_Sting_JungleMorning',Sound_TransitionToMidDay=SoundWave'/Game/Atlas/Stingers/ATL_Sting_JungleNoon.ATL_Sting_JungleNoon',Sound_TransitionToNight=SoundWave'/Game/Atlas/Stingers/ATL_Sting_JungleNight.ATL_Sting_JungleNight',Sound_SetSail=SoundWave'/Game/Atlas/Stingers/ATL_Sting_JungleSetSail.ATL_Sting_JungleSetSail',Sound_Respawn=None,Sound_CreateNewCharacter=None),bDisableClaimFlags=False)",
      "waterColorR": 0.12,
      "waterColorG": 0.63,
      "waterColorB": 0.7,
      "skyStyleIndex": 4,
      "serverIslandPointsMultiplier": 1.0,
      "ServerCustomDatas1": ",ChanceForCold,",
      "ServerCustomDatas2": ",0,",
      "ClientCustomDatas1": ",OceanDepthFadeExponent,",
      "ClientCustomDatas2": ",-0.6,",
      "sublevels": [
        {
          "name": "Mnt_A_Far_01",
          "additionalTranslationX": -146666.25,
          "additionalTranslationY": -240000.063,
          "additionalTranslationZ": 0.0,
          "additionalRotationPitch": 0.0,
          "additionalRotationYaw": 0.0,
          "additionalRotationRoll": 0.0,
          "id": 1142,
          "landscapeMaterialOverride": 8
        },
        {
          "name": "Mnt_A_Farthest_01",
          "additionalTranslationX": -146666.25,
          "additionalTranslationY": -240000.063,
          "additionalTranslationZ": 0.0,
          "additionalRotationPitch": 0.0,
          "additionalRotationYaw": 0.0,
          "additionalRotationRoll": 0.0,
          "id": 1142,
          "landscapeMaterialOverride": 8
        },
        {
          "name": "Mnt_A_Near_01",
          "additionalTranslationX": -146666.25,
          "additionalTranslationY": -240000.063,
          "additionalTranslationZ": 0.0,
          "additionalRotationPitch": 0.0,
          "additionalRotationYaw": 0.0,
          "additionalRotationRoll": 0.0,
          "id": 1142,
          "landscapeMaterialOverride": 8
        },
        {
          "name": "Mnt_A_Marine_Warm_Near",
          "additionalTranslationX": -146666.25,
          "additionalTranslationY": -240000.063,
          "additionalTranslationZ": 0.0,
          "additionalRotationPitch": 0.0,
          "additionalRotationYaw": 0.0,
          "additionalRotationRoll": 0.0,
          "id": 1142,
          "landscapeMaterialOverride": 8
        },
        {
          "name": "Mnt_A_TU",
          "additionalTranslationX": -146666.25,
          "additionalTranslationY": -240000.063,
          "additionalTranslationZ": 0.0,
          "additionalRotationPitch": 0.0,
          "additionalRotationYaw": 0.0,
          "additionalRotationRoll": 0.0,
          "id": 1142,
          "landscapeMaterialOverride": 8
        },
        {
          "name": "Mnt_L_Far_01",
          "additionalTranslationX": 366668.0,
          "additionalTranslationY": -246666.656,
          "additionalTranslationZ": 0.0,
          "additionalRotationPitch": 0.0,
          "additionalRotationYaw": -82.6688843,
          "additionalRotationRoll": 0.0,
          "id": 1143,
          "landscapeMaterialOverride": 8
        },
        {
          "name": "Mnt_L_Farthest_01",
          "additionalTranslationX": 366668.0,
          "additionalTranslationY": -246666.656,
          "additionalTranslationZ": 0.0,
          "additionalRotationPitch": 0.0,
          "additionalRotationYaw": -82.6688843,
          "additionalRotationRoll": 0.0,
          "id": 1143,
          "landscapeMaterialOverride": 8
        },
        {
          "name": "Mnt_L_Near_01",
          "additionalTranslationX": 366668.0,
          "additionalTranslationY": -246666.656,
          "additionalTranslationZ": 0.0,
          "additionalRotationPitch": 0.0,
          "additionalRotationYaw": -82.6688843,
          "additionalRotationRoll": 0.0,
          "id": 1143,
          "landscapeMaterialOverride": 8
        },
        {
          "name": "Mnt_L_Marine_Warm_Near",
          "additionalTranslationX": 366668.0,
          "additionalTranslationY": -246666.656,
          "additionalTranslationZ": 0.0,
          "additionalRotationPitch": 0.0,
          "additionalRotationYaw": -82.6688843,
          "additionalRotationRoll": 0.0,
          "id": 1143,
          "landscapeMaterialOverride": 8
        },
        {
          "name": "Mnt_L_PO",
          "additionalTranslationX": 366668.0,
          "additionalTranslationY": -246666.656,
          "additionalTranslationZ": 0.0,
          "additionalRotationPitch": 0.0,
          "additionalRotationYaw": -82.6688843,
          "additionalRotationRoll": 0.0,
          "id": 1143,
          "landscapeMaterialOverride": 8
        },
        {
          "name": "Mnt_C_Far_01",
          "additionalTranslationX": -306666.875,
          "additionalTranslationY": 186666.563,
          "additionalTranslationZ": 0.0,
          "additionalRotationPitch": 0.0,
          "additionalRotationYaw": 0.0,
          "additionalRotationRoll": 0.0,
          "id": 1144,
          "landscapeMaterialOverride": 8
        },
        {
          "name": "Mnt_C_Farthest_01",
          "additionalTranslationX": -306666.875,
          "additionalTranslationY": 186666.563,
          "additionalTranslationZ": 0.0,
          "additionalRotationPitch": 0.0,
          "additionalRotationYaw": 0.0,
          "additionalRotationRoll": 0.0,
          "id": 1144,
          "landscapeMaterialOverride": 8
        },
        {
          "name": "Mnt_C_Near_01",
          "additionalTranslationX": -306666.875,
          "additionalTranslationY": 186666.563,
          "additionalTranslationZ": 0.0,
          "additionalRotationPitch": 0.0,
          "additionalRotationYaw": 0.0,
          "additionalRotationRoll": 0.0,
          "id": 1144,
          "landscapeMaterialOverride": 8
        },
        {
          "name": "Mnt_C_Marine_Warm_Near",
          "additionalTranslationX": -306666.875,
          "additionalTranslationY": 186666.563,
          "additionalTranslationZ": 0.0,
          "additionalRotationPitch": 0.0,
          "additionalRotationYaw": 0.0,
          "additionalRotationRoll": 0.0,
          "id": 1144,
          "landscapeMaterialOverride": 8
        },
        {
          "name": "Mnt_C_PO",
          "additionalTranslationX": -306666.875,
          "additionalTranslationY": 186666.563,
          "additionalTranslationZ": 0.0,
          "additionalRotationPitch": 0.0,
          "additionalRotationYaw": 0.0,
          "additionalRotationRoll": 0.0,
          "id": 1144,
          "landscapeMaterialOverride": 8
        },
        {
          "name": "Mnt_H_Far_04",
          "additionalTranslationX": 153334.75,
          "additionalTranslationY": 233333.75,
          "additionalTranslationZ": 0.0,
          "additionalRotationPitch": 0.0,
          "additionalRotationYaw": -80.537674,
          "additionalRotationRoll": 0.0,
          "id": 1145,
          "landscapeMaterialOverride": 8
        },
        {
          "name": "Mnt_H_Farthest_04",
          "additionalTranslationX": 153334.75,
          "additionalTranslationY": 233333.75,
          "additionalTranslationZ": 0.0,
          "additionalRotationPitch": 0.0,
          "additionalRotationYaw": -80.537674,
          "additionalRotationRoll": 0.0,
          "id": 1145,
          "landscapeMaterialOverride": 8
        },
        {
          "name": "Mnt_H_Near_04",
          "additionalTranslationX": 153334.75,
          "additionalTranslationY": 233333.75,
          "additionalTranslationZ": 0.0,
          "additionalRotationPitch": 0.0,
          "additionalRotationYaw": -80.537674,
          "additionalRotationRoll": 0.0,
          "id": 1145,
          "landscapeMaterialOverride": 8
        },
        {
          "name": "Mnt_H_Marine_Warm_Near",
          "additionalTranslationX": 153334.75,
          "additionalTranslationY": 233333.75,
          "additionalTranslationZ": 0.0,
          "additionalRotationPitch": 0.0,
          "additionalRotationYaw": -80.537674,
          "additionalRotationRoll": 0.0,
          "id": 1145,
          "landscapeMaterialOverride": 8
        },
        {
          "name": "Mnt_H_PO",
          "additionalTranslationX": 153334.75,
          "additionalTranslationY": 233333.75,
          "additionalTranslationZ": 0.0,
          "additionalRotationPitch": 0.0,
          "additionalRotationYaw": -80.537674,
          "additionalRotationRoll": 0.0,
          "id": 1145,
          "landscapeMaterialOverride": 8
        }
      ],
      "lastModified": "2018-12-20T04:08:33.8170774Z",
      "lastImageOverride": "0001-01-01T00:00:00",
      "islandLocked": false,
      "discoLocked": false,
      "pathsLocked": false,
      "extraSublevels": [],
      "totalExtraSublevels": [
        "MasterIBL_Tropical",
        "MasterIBL_Tropical_Canopy_Oak",
        "MasterIBL_Tropical_Canopy_RE"
      ],
      "islandInstances": [
        {
          "name": "Mnt_A_TR",
          "id": 1142,
          "spawnerOverrides": {},
          "treasureMapSpawnPoints": [
            "-39221.386719 -2427.513672 4113.858398",
            "-36525.812500 7716.993652 4346.002441",
            "-32196.333984 22036.154297 5042.043457",
            "-20721.113281 19188.937500 4917.281738",
            "-11334.916992 20511.111328 5002.015625",
            "-453.383392 20052.134766 6783.128418",
            "4050.586670 7264.685059 6988.692871",
            "9271.979492 -3435.085938 7016.474609",
            "16039.641602 11123.782227 6749.042480",
            "22026.318359 28821.359375 5097.370605",
            "-2880.620361 -37306.265625 10351.495117",
            "-12037.959961 -33522.984375 7496.958008",
            "-16083.880859 -25581.726563 6762.905762",
            "-24370.158203 -22847.683594 5835.610840",
            "-37383.593750 -18054.251953 4680.374023",
            "-25427.869141 1104.235962 4883.775879",
            "-14331.927734 7869.374512 11785.143555",
            "-10475.956055 32285.230469 7317.989746",
            "2209.369629 37153.433594 4755.005859",
            "10320.745117 31029.701172 4569.124023"
          ],
          "wildPirateCampSpawnPoints": [
            "-3266.309326 -13798.226563 16354.730469",
            "-15192.075195 -31771.974609 8421.763672",
            "-27027.603516 868.178040 4108.173340",
            "-12488.033203 26870.892578 11347.929688",
            "12383.118164 20897.154297 16061.109375"
          ],
          "minTreasureQuality": -1.0,
          "maxTreasureQuality": -1.0,
          "useNpcVolumesForTreasures": false,
          "useLevelBoundsForTreasures": true,
          "prioritizeVolumesForTreasures": false,
          "islandPoints": 1,
          "islandTreasureBottleSupplyCrateOverrides": "",
          "islandWidth": 152000.0,
          "islandHeight": 152000.0,
          "singleSpawnPointX": 28008.0,
          "singleSpawnPointY": 31219.0,
          "singleSpawnPointZ": 1000.0,
          "maxIslandClaimFlagZ": 6500.0,
          "worldX": 1953333.75,
          "worldY": 459999.938,
          "rotation": 0.0
        },
        {
          "name": "Mnt_L_TR",
          "id": 1143,
          "spawnerOverrides": {},
          "treasureMapSpawnPoints": [
            "32722.283203 25574.097656 6579.214355",
            "26642.673828 15591.630859 9457.966797",
            "27122.871094 5155.469238 8029.957031",
            "21520.322266 -1448.652588 13623.037109",
            "8118.742676 -11073.177734 4198.517578",
            "9990.032227 -1160.505493 3420.227295",
            "314.725220 7350.258301 19667.369141",
            "-521.574890 1276.619019 20003.732422",
            "-4456.053223 -3957.716797 20646.671875",
            "-33508.007813 4882.114746 14596.109375",
            "-44423.500000 -5854.657715 7163.465332",
            "-47288.296875 -16655.410156 6108.639160",
            "-44704.714844 -30155.429688 6922.796875",
            "-32027.775391 -42597.476563 4845.989258",
            "-17154.269531 -35412.886719 6676.419434",
            "321.033966 -46907.824219 5372.474121",
            "15363.157227 -53459.597656 4489.264160",
            "890.524475 -42215.578125 17827.392578",
            "-18982.722656 -13076.987305 17588.820313",
            "-20117.964844 12372.243164 27730.517578",
            "-40212.113281 19172.775391 23629.923828"
          ],
          "wildPirateCampSpawnPoints": [
            "-50518.937500 -23264.167969 12409.604492",
            "23911.904297 -42749.781250 5056.319336",
            "34185.339844 24408.669922 5953.499023",
            "-895.969788 18780.777344 18234.062500",
            "-29055.894531 19775.751953 17194.687500"
          ],
          "minTreasureQuality": -1.0,
          "maxTreasureQuality": -1.0,
          "useNpcVolumesForTreasures": false,
          "useLevelBoundsForTreasures": true,
          "prioritizeVolumesForTreasures": false,
          "islandPoints": 1,
          "islandTreasureBottleSupplyCrateOverrides": "",
          "islandWidth": 204000.0,
          "islandHeight": 204000.0,
          "singleSpawnPointX": 28806.0,
          "singleSpawnPointY": -59251.0,
          "singleSpawnPointZ": 1750.0,
          "maxIslandClaimFlagZ": 5200.0,
          "worldX": 2466668.0,
          "worldY": 453333.344,
          "rotation": -82.6688843
        },
        {
          "name": "Mnt_C_TR",
          "id": 1144,
          "spawnerOverrides": {},
          "treasureMapSpawnPoints": [
            "2976.890625 -30095.982422 3979.112549",
            "5637.799316 -26452.076172 3715.678711",
            "9118.855469 -24522.261719 5925.775879",
            "14179.427734 -24017.738281 4989.852539",
            "18633.183594 -23026.160156 4361.129395",
            "25134.236328 -23515.185547 3950.803223",
            "28755.976563 -22753.673828 7008.213867",
            "12853.678711 5077.933105 3773.577393",
            "9516.662109 2460.105713 3381.371338",
            "3836.585693 1676.098877 5785.637695",
            "-1599.087402 6094.997559 6773.826172",
            "-4299.562500 5178.461426 4194.690430",
            "2210.474609 -2950.194824 4885.931641",
            "-450.773743 -7993.920410 4609.952637",
            "-4213.211914 -10500.212891 4412.649902",
            "-1625.395508 -11823.510742 3997.470459",
            "4226.292480 -10956.010742 5792.980469",
            "8562.584961 -10905.998047 5487.490723",
            "-18260.330078 -15913.610352 3341.666504",
            "-21447.990234 -20597.765625 2364.380615",
            "-32965.464844 2855.500488 16191.275391",
            "-31898.539063 -3480.209473 15765.072266"
          ],
          "wildPirateCampSpawnPoints": [
            "-1718.421387 4673.415039 4355.294434",
            "4979.489258 -9214.634766 5082.976074",
            "-4500.869141 -11039.060547 5810.883301",
            "-2909.975586 -22390.085938 4821.692871",
            "13475.958008 -22049.199219 6722.334473"
          ],
          "minTreasureQuality": -1.0,
          "maxTreasureQuality": -1.0,
          "useNpcVolumesForTreasures": false,
          "useLevelBoundsForTreasures": true,
          "prioritizeVolumesForTreasures": false,
          "islandPoints": 1,
          "islandTreasureBottleSupplyCrateOverrides": "",
          "islandWidth": 101600.0,
          "islandHeight": 101600.0,
          "singleSpawnPointX": -1565.0,
          "singleSpawnPointY": 9575.0,
          "singleSpawnPointZ": 650.0,
          "maxIslandClaimFlagZ": 4700.0,
          "worldX": 1793333.13,
          "worldY": 886666.563,
          "rotation": 0.0
        },
        {
          "name": "Mnt_H_WR",
          "id": 1145,
          "spawnerOverrides": {},
          "treasureMapSpawnPoints": [
            "-74934.054688 -67871.179688 1843.533447",
            "-74944.171875 -56621.871094 5049.195801",
            "-67792.859375 -32851.339844 9784.134766",
            "-63016.980469 -15781.302734 10611.348633",
            "-63524.757813 -3251.002930 12568.148438",
            "-61344.539063 19493.359375 5952.432129",
            "-62757.390625 38417.691406 2305.448242",
            "-65137.812500 58113.984375 2558.364746",
            "-60857.210938 76761.203125 2283.682373",
            "-19587.929688 70239.882813 3728.227783",
            "-2318.807129 49442.031250 2925.098633",
            "29833.757813 50455.101563 3473.221924",
            "50842.570313 70356.320313 2078.505127",
            "62425.042969 65489.117188 3349.191650",
            "70518.578125 49083.976563 4240.675781",
            "72974.007813 38516.996094 2144.622070",
            "70047.906250 23618.208984 2975.501953",
            "72759.132813 -9543.019531 10681.095703",
            "62180.035156 -16068.342773 5970.710449",
            "50966.878906 -31647.281250 4559.412109",
            "43955.976563 -42900.585938 2837.177246",
            "31723.376953 -62456.949219 2622.724609",
            "22204.701172 -83535.039063 3347.713379",
            "71997.265625 -76627.429688 1837.025024",
            "71688.328125 -59706.199219 3377.658203",
            "55710.257813 -24600.542969 4067.407959",
            "34725.855469 -6707.467285 4359.504395",
            "15390.433594 3459.642090 3091.811768",
            "-23217.449219 13719.123047 2828.321045",
            "-52124.214844 22261.818359 4473.117676",
            "-93760.757813 -9584.444336 4487.904785"
          ],
          "wildPirateCampSpawnPoints": [
            "42712.343750 -79100.046875 5560.629395",
            "52404.171875 -18492.550781 9339.052734",
            "34342.472656 59199.097656 9332.417969",
            "-24673.015625 3894.173340 7790.909668",
            "-72336.796875 -54899.976563 9603.799805"
          ],
          "minTreasureQuality": -1.0,
          "maxTreasureQuality": -1.0,
          "useNpcVolumesForTreasures": false,
          "useLevelBoundsForTreasures": true,
          "prioritizeVolumesForTreasures": false,
          "islandPoints": 1,
          "islandTreasureBottleSupplyCrateOverrides": "",
          "islandWidth": 306000.0,
          "islandHeight": 306000.0,
          "singleSpawnPointX": -81749.0,
          "singleSpawnPointY": 53670.0,
          "singleSpawnPointZ": 1250.0,
          "maxIslandClaimFlagZ": 5700.0,
          "worldX": 2253334.75,
          "worldY": 933333.75,
          "rotation": -80.537674
        }
      ],
      "discoZones": [
        {
          "name": "Northern Discovery Island",
          "sizeX": 366666.6,
          "sizeY": 380000.0,
          "sizeZ": 40000.0,
          "id": 1148,
          "xp": 0.0,
          "bIsManuallyPlaced": false,
          "explorerNoteIndex": 0,
          "allowSea": false,
          "worldX": 2230000.0,
          "worldY": 936666.6,
          "rotation": 0.0
        }
      ],
      "spawnRegions": [],
      "serverTemplateName": "Tropical"
    },
    {
      "gridX": 1,
      "gridY": 1,
      "MachineIdTag": "NA_AtlasPVP1_5",
      "ip": "0.0.0.0",
      "name": "Atlas",
      "port": 27015,
      "gamePort": 7777,
      "seamlessDataPort": 27016,
      "isHomeServer": true,
      "AdditionalCmdLineParams": "",
      "OverrideShooterGameModeDefaultGameIni": {},
      "floorZDist": 0,
      "utcOffset": 0,
      "transitionMinZ": 0,
      "GlobalBiomeSeamlessServerGridPreOffsetValues": "(BiomeZoneName=\"Tropical At Land\",PreOffsetMaxDistanceFromShore=100000.000000,PreOffsetTemperatureMultiplier=1.350000,PreOffsetTemperatureMultiplierMaxDistanceFromShore=1.200000,PreOffsetTemperatureAdditionMaxDistanceFromShore=2.000000,PreOffsetTemperatureAddition=6.000000,PreOffsetTemperatureExponent=1.000000,PreOffsetTemperatureExponentMaxDistanceFromShore=1.000000,BiomeZoneNameAltDistanceName=\"Tropical Open Water\",BiomeZoneNameAltDistanceAmount=0.000000)",
      "GlobalBiomeSeamlessServerGridPreOffsetValuesOceanWater": "(BiomeZoneName=\"Tropical Ocean Water\",PreOffsetMaxDistanceFromShore=17500.000000,PreOffsetTemperatureMultiplier=1.400000,PreOffsetTemperatureMultiplierMaxDistanceFromShore=1.250000,PreOffsetTemperatureAdditionMaxDistanceFromShore=-25.000000,PreOffsetTemperatureAddition=3.000000,PreOffsetTemperatureExponent=1.000000,PreOffsetTemperatureExponentMaxDistanceFromShore=1.000000,BiomeZoneNameAltDistanceName=\"Tropical Deep Ocean\",BiomeZoneNameAltDistanceAmount=0.500000)",
      "OceanDinoDepthEntriesOverride": "",
      "oceanFloatsamCratesOverride": "",
      "treasureMapLootTablesOverride": "",
      "oceanEpicSpawnEntriesOverrideTemplateName": "",
      "NPCShipSpawnEntriesOverrideTemplateName": "",
      "regionOverrides": "(SoundOverrides=(NavalCombatMusicDay=SoundWave'/Game/Atlas/Music/ATL_SeaCombatJungleDay_v1.ATL_SeaCombatJungleDay_v1',NavalCombatMusicNight=SoundWave'/Game/Atlas/Music/ATL_SeaCombatJungleNight_v1.ATL_SeaCombatJungleNight_v1',CombatMusicDay=SoundWave'/Game/Atlas/Music/ATL_LandCombatJungleDay_v1.ATL_LandCombatJungleDay_v1',CombatMusicNight=SoundWave'/Game/Atlas/Music/ATL_LandCombatJungleNight_v1.ATL_LandCombatJungleNight_v1',CombatMusicDay_Heavy=SoundWave'/Game/Atlas/Music/ATL_LandCombatJungleDay_v1.ATL_LandCombatJungleDay_v1',CombatMusicNight_Heavy=SoundWave'/Game/Atlas/Music/ATL_LandCombatJungleNight_v1.ATL_LandCombatJungleNight_v1',Sound_TransitionToMorning=SoundWave'/Game/Atlas/Stingers/ATL_Sting_JungleMorning.ATL_Sting_JungleMorning',Sound_TransitionToMidDay=SoundWave'/Game/Atlas/Stingers/ATL_Sting_JungleNoon.ATL_Sting_JungleNoon',Sound_TransitionToNight=SoundWave'/Game/Atlas/Stingers/ATL_Sting_JungleNight.ATL_Sting_JungleNight',Sound_SetSail=SoundWave'/Game/Atlas/Stingers/ATL_Sting_JungleSetSail.ATL_Sting_JungleSetSail',Sound_Respawn=None,Sound_CreateNewCharacter=None),bDisableClaimFlags=False)",
      "waterColorR": 0.12,
      "waterColorG": 0.63,
      "waterColorB": 0.7,
      "skyStyleIndex": 4,
      "serverIslandPointsMultiplier": 1.0,
      "ServerCustomDatas1": ",ChanceForCold,",
      "ServerCustomDatas2": ",0,",
      "ClientCustomDatas1": ",OceanDepthFadeExponent,",
      "ClientCustomDatas2": ",-0.6,",
      "sublevels": [
        {
          "name": "Cay_G",
          "additionalTranslationX": -80000.125,
          "additionalTranslationY": -246666.75,
          "additionalTranslationZ": 0.0,
          "additionalRotationPitch": 0.0,
          "additionalRotationYaw": 0.0,
          "additionalRotationRoll": 0.0,
          "id": 1138,
          "landscapeMaterialOverride": 8
        },
        {
          "name": "Cay_G_Far_01B",
          "additionalTranslationX": -80000.125,
          "additionalTranslationY": -246666.75,
          "additionalTranslationZ": 0.0,
          "additionalRotationPitch": 0.0,
          "additionalRotationYaw": 0.0,
          "additionalRotationRoll": 0.0,
          "id": 1138,
          "landscapeMaterialOverride": 8
        },
        {
          "name": "Cay_G_Farthest_01B",
          "additionalTranslationX": -80000.125,
          "additionalTranslationY": -246666.75,
          "additionalTranslationZ": 0.0,
          "additionalRotationPitch": 0.0,
          "additionalRotationYaw": 0.0,
          "additionalRotationRoll": 0.0,
          "id": 1138,
          "landscapeMaterialOverride": 8
        },
        {
          "name": "Cay_G_Near_01B",
          "additionalTranslationX": -80000.125,
          "additionalTranslationY": -246666.75,
          "additionalTranslationZ": 0.0,
          "additionalRotationPitch": 0.0,
          "additionalRotationYaw": 0.0,
          "additionalRotationRoll": 0.0,
          "id": 1138,
          "landscapeMaterialOverride": 8
        },
        {
          "name": "Cay_G_Marine_Warm_Near",
          "additionalTranslationX": -80000.125,
          "additionalTranslationY": -246666.75,
          "additionalTranslationZ": 0.0,
          "additionalRotationPitch": 0.0,
          "additionalRotationYaw": 0.0,
          "additionalRotationRoll": 0.0,
          "id": 1138,
          "landscapeMaterialOverride": 8
        },
        {
          "name": "Cay_G",
          "additionalTranslationX": 226666.5,
          "additionalTranslationY": 93333.25,
          "additionalTranslationZ": 0.0,
          "additionalRotationPitch": 0.0,
          "additionalRotationYaw": 0.0,
          "additionalRotationRoll": 0.0,
          "id": 1139,
          "landscapeMaterialOverride": 8
        },
        {
          "name": "Cay_G_Far_01",
          "additionalTranslationX": 226666.5,
          "additionalTranslationY": 93333.25,
          "additionalTranslationZ": 0.0,
          "additionalRotationPitch": 0.0,
          "additionalRotationYaw": 0.0,
          "additionalRotationRoll": 0.0,
          "id": 1139,
          "landscapeMaterialOverride": 8
        },
        {
          "name": "Cay_G_Farthest_01",
          "additionalTranslationX": 226666.5,
          "additionalTranslationY": 93333.25,
          "additionalTranslationZ": 0.0,
          "additionalRotationPitch": 0.0,
          "additionalRotationYaw": 0.0,
          "additionalRotationRoll": 0.0,
          "id": 1139,
          "landscapeMaterialOverride": 8
        },
        {
          "name": "Cay_G_Near_01",
          "additionalTranslationX": 226666.5,
          "additionalTranslationY": 93333.25,
          "additionalTranslationZ": 0.0,
          "additionalRotationPitch": 0.0,
          "additionalRotationYaw": 0.0,
          "additionalRotationRoll": 0.0,
          "id": 1139,
          "landscapeMaterialOverride": 8
        },
        {
          "name": "Cay_G_Marine_Warm_Near",
          "additionalTranslationX": 226666.5,
          "additionalTranslationY": 93333.25,
          "additionalTranslationZ": 0.0,
          "additionalRotationPitch": 0.0,
          "additionalRotationYaw": 0.0,
          "additionalRotationRoll": 0.0,
          "id": 1139,
          "landscapeMaterialOverride": 8
        },
        {
          "name": "Cay_F",
          "additionalTranslationX": -266666.75,
          "additionalTranslationY": 346666.5,
          "additionalTranslationZ": 0.0,
          "additionalRotationPitch": 0.0,
          "additionalRotationYaw": 0.0,
          "additionalRotationRoll": 0.0,
          "id": 1140,
          "landscapeMaterialOverride": 8
        },
        {
          "name": "Cay_F_Far_01",
          "additionalTranslationX": -266666.75,
          "additionalTranslationY": 346666.5,
          "additionalTranslationZ": 0.0,
          "additionalRotationPitch": 0.0,
          "additionalRotationYaw": 0.0,
          "additionalRotationRoll": 0.0,
          "id": 1140,
          "landscapeMaterialOverride": 8
        },
        {
          "name": "Cay_F_Farthest_01",
          "additionalTranslationX": -266666.75,
          "additionalTranslationY": 346666.5,
          "additionalTranslationZ": 0.0,
          "additionalRotationPitch": 0.0,
          "additionalRotationYaw": 0.0,
          "additionalRotationRoll": 0.0,
          "id": 1140,
          "landscapeMaterialOverride": 8
        },
        {
          "name": "Cay_F_Near_01",
          "additionalTranslationX": -266666.75,
          "additionalTranslationY": 346666.5,
          "additionalTranslationZ": 0.0,
          "additionalRotationPitch": 0.0,
          "additionalRotationYaw": 0.0,
          "additionalRotationRoll": 0.0,
          "id": 1140,
          "landscapeMaterialOverride": 8
        },
        {
          "name": "Cay_F_Marine_Warm_Near",
          "additionalTranslationX": -266666.75,
          "additionalTranslationY": 346666.5,
          "additionalTranslationZ": 0.0,
          "additionalRotationPitch": 0.0,
          "additionalRotationYaw": 0.0,
          "additionalRotationRoll": 0.0,
          "id": 1140,
          "landscapeMaterialOverride": 8
        },
        {
          "name": "Cay_A_Far_01",
          "additionalTranslationX": 253333.25,
          "additionalTranslationY": -200000.125,
          "additionalTranslationZ": 0.0,
          "additionalRotationPitch": 0.0,
          "additionalRotationYaw": 0.0,
          "additionalRotationRoll": 0.0,
          "id": 1141,
          "landscapeMaterialOverride": 8
        },
        {
          "name": "Cay_A_Farthest_01",
          "additionalTranslationX": 253333.25,
          "additionalTranslationY": -200000.125,
          "additionalTranslationZ": 0.0,
          "additionalRotationPitch": 0.0,
          "additionalRotationYaw": 0.0,
          "additionalRotationRoll": 0.0,
          "id": 1141,
          "landscapeMaterialOverride": 8
        },
        {
          "name": "Cay_A_Near_01",
          "additionalTranslationX": 253333.25,
          "additionalTranslationY": -200000.125,
          "additionalTranslationZ": 0.0,
          "additionalRotationPitch": 0.0,
          "additionalRotationYaw": 0.0,
          "additionalRotationRoll": 0.0,
          "id": 1141,
          "landscapeMaterialOverride": 8
        },
        {
          "name": "Cay_A",
          "additionalTranslationX": 253333.25,
          "additionalTranslationY": -200000.125,
          "additionalTranslationZ": 0.0,
          "additionalRotationPitch": 0.0,
          "additionalRotationYaw": 0.0,
          "additionalRotationRoll": 0.0,
          "id": 1141,
          "landscapeMaterialOverride": 8
        },
        {
          "name": "Cay_A_Marine_Warm_Near",
          "additionalTranslationX": 253333.25,
          "additionalTranslationY": -200000.125,
          "additionalTranslationZ": 0.0,
          "additionalRotationPitch": 0.0,
          "additionalRotationYaw": 0.0,
          "additionalRotationRoll": 0.0,
          "id": 1141,
          "landscapeMaterialOverride": 8
        }
      ],
      "lastModified": "2018-12-20T04:08:07.1180687Z",
      "lastImageOverride": "0001-01-01T00:00:00",
      "islandLocked": false,
      "discoLocked": false,
      "pathsLocked": false,
      "extraSublevels": [],
      "totalExtraSublevels": [
        "MasterIBL_Tropical",
        "MasterIBL_Tropical_Canopy_Oak",
        "MasterIBL_Tropical_Canopy_RE"
      ],
      "islandInstances": [
        {
          "name": "Cay_GB_TR",
          "id": 1138,
          "spawnerOverrides": {},
          "treasureMapSpawnPoints": [
            "-19521.191406 28962.576172 1411.076294",
            "-12968.005859 33330.671875 948.978149",
            "-12690.141602 30161.785156 1256.773315",
            "-11853.662109 26553.968750 1902.746216",
            "-6272.585938 25683.119141 718.992737",
            "-4284.256348 30595.195313 1038.106812",
            "-2217.604004 23119.355469 1464.474976",
            "-4333.754395 19668.451172 1207.953735",
            "-6314.543945 15340.468750 1803.127563",
            "-2282.954102 12481.119141 802.810059",
            "3624.708252 3107.739746 1213.075928",
            "-2248.147705 408.751160 1420.727905",
            "-5729.398926 -2769.453369 1003.567383",
            "-9054.408203 -6093.917969 1185.424927",
            "-12760.378906 -12528.912109 1085.082520",
            "-14214.344727 -19435.925781 736.773926",
            "-22624.076172 -21030.482422 1182.066772",
            "-28986.505859 -17227.751953 1262.523560",
            "-32692.679688 -13115.258789 1051.298706",
            "-39197.062500 -24783.658203 1020.510864",
            "-37572.910156 -28943.105469 981.317688",
            "-42575.714844 -34569.332031 888.899231",
            "-47903.218750 -37435.320313 945.121521",
            "8574.249023 -31013.929688 679.268066",
            "35946.156250 -44627.050781 858.728210"
          ],
          "wildPirateCampSpawnPoints": [
            "-45069.621094 -38248.746094 1683.452271",
            "-27933.384766 -15625.647461 2676.672607",
            "-4262.956055 -1349.690918 2422.114502",
            "-7568.700195 25466.429688 3390.621338",
            "-23747.769531 19965.404297 1556.051758"
          ],
          "minTreasureQuality": -1.0,
          "maxTreasureQuality": -1.0,
          "useNpcVolumesForTreasures": false,
          "useLevelBoundsForTreasures": true,
          "prioritizeVolumesForTreasures": false,
          "islandPoints": 1,
          "islandTreasureBottleSupplyCrateOverrides": "",
          "islandWidth": 204000.0,
          "islandHeight": 204000.0,
          "singleSpawnPointX": -16306.0,
          "singleSpawnPointY": -24371.0,
          "singleSpawnPointZ": 1400.0,
          "maxIslandClaimFlagZ": 4100.0,
          "worldX": 2019999.88,
          "worldY": 1853333.25,
          "rotation": 0.0
        },
        {
          "name": "Cay_G_TR",
          "id": 1139,
          "spawnerOverrides": {},
          "treasureMapSpawnPoints": [
            "-43355.875000 -35947.386719 1513.740479",
            "-38369.511719 -28837.667969 1298.140747",
            "-28862.976563 -19111.001953 1408.489014",
            "-22474.646484 -20137.003906 1221.524292",
            "-13563.113281 -23186.328125 936.423157",
            "-6743.414063 -10157.018555 1178.690796",
            "-4607.537598 -6057.730957 1003.582458",
            "-10001.470703 -2488.735840 1162.732056",
            "-16570.343750 5960.245605 2658.873291",
            "-17961.371094 12393.287109 1944.902466",
            "-10803.405273 19671.667969 1117.119263",
            "-4289.330078 25687.447266 1019.255920",
            "-12423.457031 29023.685547 1171.148438",
            "-20308.818359 27142.916016 882.098022",
            "-11266.227539 25729.921875 1350.485107",
            "19301.892578 10151.868164 1195.821899",
            "-13209.003906 -2319.516357 1706.029663",
            "-14102.310547 -5876.603027 1684.267334",
            "-21893.599609 -10195.533203 1298.177246",
            "-27241.316406 -15639.142578 994.192566",
            "-30418.767578 -14185.174805 1102.800659",
            "-32505.224609 -10239.621094 641.357849",
            "-40724.242188 -6714.964355 1271.129761"
          ],
          "wildPirateCampSpawnPoints": [
            "-10256.532227 26792.158203 4902.995605",
            "-8983.974609 -4787.892090 4925.226563",
            "-38555.519531 -30208.798828 3033.779785",
            "-27234.310547 -1782.352295 2451.195068",
            "-17157.513672 12035.894531 3290.876709"
          ],
          "minTreasureQuality": -1.0,
          "maxTreasureQuality": -1.0,
          "useNpcVolumesForTreasures": false,
          "useLevelBoundsForTreasures": true,
          "prioritizeVolumesForTreasures": false,
          "islandPoints": 1,
          "islandTreasureBottleSupplyCrateOverrides": "",
          "islandWidth": 204000.0,
          "islandHeight": 204000.0,
          "singleSpawnPointX": -18247.0,
          "singleSpawnPointY": -21926.0,
          "singleSpawnPointZ": 1350.0,
          "maxIslandClaimFlagZ": 4100.0,
          "worldX": 2326666.5,
          "worldY": 2193333.25,
          "rotation": 0.0
        },
        {
          "name": "Cay_F_TR",
          "id": 1140,
          "spawnerOverrides": {},
          "treasureMapSpawnPoints": [
            "-26365.316406 -63339.609375 997.635986",
            "-23207.632813 -57312.980469 1239.260986",
            "-15892.242188 -56602.812500 1582.625366",
            "-10132.821289 -53952.402344 1550.318726",
            "-767.966858 -51805.351563 1222.743530",
            "7890.788574 -48496.257813 640.612305",
            "14208.053711 -46119.859375 1274.624878",
            "12213.708008 -37534.925781 833.142334",
            "18396.220703 -29748.601563 1430.124146",
            "26199.238281 -26272.193359 869.744812",
            "29440.220703 -6461.507324 1511.296509",
            "24063.394531 6390.453613 1066.613159",
            "25025.710938 20539.859375 837.535645",
            "33501.558594 31076.458984 504.160339",
            "201.046066 15681.771484 1428.410400",
            "-23028.707031 26945.097656 920.332764",
            "-39228.339844 25251.978516 1472.594971",
            "-50042.863281 17562.986328 1620.153687",
            "28019.945313 31859.699219 1075.828613",
            "43871.128906 -4467.367676 1821.933960"
          ],
          "wildPirateCampSpawnPoints": [
            "-44429.398438 24775.177734 3622.014893",
            "-1018.682678 11044.074219 2116.400391",
            "28908.914063 28765.322266 3838.034424",
            "29175.810547 -14203.991211 4935.407715",
            "-15810.460938 -55392.097656 4411.862305"
          ],
          "minTreasureQuality": -1.0,
          "maxTreasureQuality": -1.0,
          "useNpcVolumesForTreasures": false,
          "useLevelBoundsForTreasures": true,
          "prioritizeVolumesForTreasures": false,
          "islandPoints": 1,
          "islandTreasureBottleSupplyCrateOverrides": "",
          "islandWidth": 204000.0,
          "islandHeight": 204000.0,
          "singleSpawnPointX": -23045.0,
          "singleSpawnPointY": -49428.0,
          "singleSpawnPointZ": 1100.0,
          "maxIslandClaimFlagZ": 3400.0,
          "worldX": 1833333.25,
          "worldY": 2446666.5,
          "rotation": 0.0
        },
        {
          "name": "Cay_A_TR",
          "id": 1141,
          "spawnerOverrides": {},
          "treasureMapSpawnPoints": [
            "16537.650391 10498.129883 1193.231079",
            "6098.491699 10597.333008 1115.076416",
            "-3331.718750 19890.595703 1220.087524",
            "-7820.066895 24065.906250 1426.436768",
            "-14374.228516 23403.857422 1375.458130",
            "-21137.195313 27251.714844 1384.684692",
            "-31326.074219 24119.951172 1330.324341",
            "-36995.699219 22319.718750 1386.555176",
            "-35879.089844 14476.401367 1228.950073",
            "-28122.888672 5267.521484 1104.998657",
            "-30428.509766 -1443.798706 1223.872192",
            "-31210.654297 -8968.269531 1159.591187",
            "-41194.273438 -10745.244141 544.989929",
            "-45174.777344 -2615.331543 1108.186523",
            "-47519.906250 4084.677002 1270.946167",
            "-49269.378906 18152.416016 3990.050049",
            "-54492.539063 17937.716797 1427.215088",
            "-64287.433594 15090.082031 939.470093",
            "-65889.203125 3638.323730 1114.732788",
            "-75900.414063 -7870.670410 1068.189697",
            "-70460.390625 -15669.666992 951.834412",
            "-61945.933594 -7258.545410 801.047913"
          ],
          "wildPirateCampSpawnPoints": [
            "-81500.234375 -56916.820313 2025.556519",
            "-37564.617188 2605.820068 4266.615234",
            "6179.966797 14450.722656 4317.424805",
            "83194.101563 92442.484375 4762.369141",
            "17146.212891 45569.234375 3934.668457"
          ],
          "minTreasureQuality": -1.0,
          "maxTreasureQuality": -1.0,
          "useNpcVolumesForTreasures": false,
          "useLevelBoundsForTreasures": true,
          "prioritizeVolumesForTreasures": false,
          "islandPoints": 1,
          "islandTreasureBottleSupplyCrateOverrides": "",
          "islandWidth": 305000.0,
          "islandHeight": 305000.0,
          "singleSpawnPointX": 12559.0,
          "singleSpawnPointY": 1402.0,
          "singleSpawnPointZ": 1800.0,
          "maxIslandClaimFlagZ": 4200.0,
          "worldX": 2353333.25,
          "worldY": 1899999.88,
          "rotation": 0.0
        }
      ],
      "discoZones": [
        {
          "name": "Eastern Discovery Island",
          "sizeX": 326666.5,
          "sizeY": 366666.6,
          "sizeZ": 40000.0,
          "id": 1147,
          "xp": 0.0,
          "bIsManuallyPlaced": false,
          "explorerNoteIndex": 0,
          "allowSea": false,
          "worldX": 2363333.25,
          "worldY": 1876666.5,
          "rotation": 0.0
        }
      ],
      "spawnRegions": [],
      "serverTemplateName": "Tropical"
    }
  ],
  "spawnerOverrideTemplates": [
    {
      "Name": "SpawnerTemplate1",
      "NPCSpawnEntries": "((AnEntryName=\"Stego One to Three\",NPCsToSpawn=(BlueprintGeneratedClass'/Game/PrimalEarth/Dinos/Stego/Stego_Character_BP.Stego_Character_BP_C',BlueprintGeneratedClass'/Game/PrimalEarth/Dinos/Para/Para_Character_BP.Para_Character_BP_C',BlueprintGeneratedClass'/Game/PrimalEarth/Dinos/Para/Para_Character_BP.Para_Character_BP_C'),NPCsSpawnOffsets=((X=0.000000,Y=0.000000,Z=0.000000),(X=0.000000,Y=680.000000,Z=0.000000),(X=0.000000,Y=-680.000000,Z=0.000000)),NPCsToSpawnPercentageChance=(1.000000,0.380000,0.150000),LevelDifficultyTestOverride=1.000000),(AnEntryName=\"Trike One to Three\",NPCsToSpawn=(BlueprintGeneratedClass'/Game/PrimalEarth/Dinos/Para/Para_Character_BP.Para_Character_BP_C',BlueprintGeneratedClass'/Game/PrimalEarth/Dinos/Para/Para_Character_BP.Para_Character_BP_C',BlueprintGeneratedClass'/Game/PrimalEarth/Dinos/Trike/Trike_Character_BP.Trike_Character_BP_C'),NPCsSpawnOffsets=((X=0.000000,Y=0.000000,Z=0.000000),(X=0.000000,Y=680.000000,Z=0.000000),(X=0.000000,Y=-680.000000,Z=0.000000)),NPCsToSpawnPercentageChance=(1.000000,0.500000,0.150000),LevelDifficultyTestOverride=1.000000))",
      "NPCSpawnLimits": "((NPCClass=BlueprintGeneratedClass'/Game/PrimalEarth/Dinos/Stego/Stego_Character_BP.Stego_Character_BP_C',MaxPercentageOfDesiredNumToAllow=1))",
      "MaxDesiredNumEnemiesMultiplier": 1.0
    },
    {
      "Name": "SpawnerTemplate2",
      "NPCSpawnEntries": "((AnEntryName=\"Stego One to Three\",NPCsToSpawn=(BlueprintGeneratedClass'/Game/PrimalEarth/Dinos/Dodo/TurkeyBase_Character_BP.TurkeyBase_Character_BP_C',BlueprintGeneratedClass'/Game/PrimalEarth/Dinos/Dodo/TurkeyBase_Character_BP.TurkeyBase_Character_BP_C',BlueprintGeneratedClass'/Game/PrimalEarth/Dinos/Dodo/TurkeyBase_Character_BP.TurkeyBase_Character_BP_C'),NPCsSpawnOffsets=((X=0.000000,Y=0.000000,Z=0.000000),(X=0.000000,Y=680.000000,Z=0.000000),(X=0.000000,Y=-680.000000,Z=0.000000)),NPCsToSpawnPercentageChance=(1.000000,0.380000,0.150000),LevelDifficultyTestOverride=2.000000),(AnEntryName=\"Trike One to Three\",NPCsToSpawn=(BlueprintGeneratedClass'/Game/PrimalEarth/Dinos/Dodo/TurkeyBase_Character_BP.TurkeyBase_Character_BP_C',BlueprintGeneratedClass'/Game/PrimalEarth/Dinos/Dodo/TurkeyBase_Character_BP.TurkeyBase_Character_BP_C',BlueprintGeneratedClass'/Game/PrimalEarth/Dinos/Dodo/TurkeyBase_Character_BP.TurkeyBase_Character_BP_C'),NPCsSpawnOffsets=((X=0.000000,Y=0.000000,Z=0.000000),(X=0.000000,Y=680.000000,Z=0.000000),(X=0.000000,Y=-680.000000,Z=0.000000)),NPCsToSpawnPercentageChance=(1.000000,0.500000,0.150000),LevelDifficultyTestOverride=2.000000))",
      "NPCSpawnLimits": "((NPCClass=BlueprintGeneratedClass'/Game/PrimalEarth/Dinos/Stego/Stego_Character_BP.Stego_Character_BP_C',MaxPercentageOfDesiredNumToAllow=2))",
      "MaxDesiredNumEnemiesMultiplier": 2.0
    },
    {
      "Name": "FailureTest",
      "NPCSpawnEntries": "",
      "NPCSpawnLimits": "",
      "MaxDesiredNumEnemiesMultiplier": -1.0
    },
    {
      "Name": "SpawnerTrike",
      "NPCSpawnEntries": "((AnEntryName=\"Carnos\",NPCsToSpawn=(BlueprintGeneratedClass'/Game/PrimalEarth/Dinos/Trike/Trike_Character_BP.Trike_Character_BP_C'),NPCsSpawnOffsets=((X=0.000000,Y=0.000000,Z=0.000000)),NPCsToSpawnPercentageChance=(1.000000)))",
      "NPCSpawnLimits": "",
      "MaxDesiredNumEnemiesMultiplier": 1.0
    },
    {
      "Name": "SpawnerPtero",
      "NPCSpawnEntries": "((AnEntryName=\"Ptero\",NPCsToSpawn=(BlueprintGeneratedClass'/Game/PrimalEarth/Dinos/Ptero/Ptero_Character_BP.Ptero_Character_BP_C'),NPCsSpawnOffsets=((X=300.000000,Y=0.000000,Z=0.000000)),NPCsToSpawnPercentageChance=(1.000000),EntryWeight=0.150000))(BlueprintGeneratedClass'/Game/PrimalEarth/Dinos/Pelagornis/Pela_Character_BP.Pela_Character_BP_C'),NPCsSpawnOffsets=((X=300.000000,Y=0.000000,Z=0.000000)),NPCsToSpawnPercentageChance=(1.000000),EntryWeight=0.150000))",
      "NPCSpawnLimits": "",
      "MaxDesiredNumEnemiesMultiplier": 1.5
    },
    {
      "Name": "SpawnerAlloOrSarco",
      "NPCSpawnEntries": "((AnEntryName=\"Sarco\",NPCsToSpawn=(BlueprintGeneratedClass'/Game/PrimalEarth/Dinos/Sarco/Sarco_Character_BP.Sarco_Character_BP_C'),NPCsSpawnOffsets=((X=0.000000,Y=0.000000,Z=0.000000)),NPCsToSpawnPercentageChance=(1.000000)),(AnEntryName=\"Allo\",NPCsToSpawn=(BlueprintGeneratedClass'/Game/PrimalEarth/Dinos/Allosaurus/Allo_Character_BP.Allo_Character_BP_C'),NPCsSpawnOffsets=((X=0.000000,Y=0.000000,Z=0.000000)),NPCsToSpawnPercentageChance=(1.000000),EntryWeight=0.200000))",
      "NPCSpawnLimits": "((NPCClass=BlueprintGeneratedClass'/Game/PrimalEarth/Dinos/Sarco/Sarco_Character_BP.Sarco_Character_BP_C',MaxPercentageOfDesiredNumToAllow=0.800000),(NPCClass=BlueprintGeneratedClass'/Game/PrimalEarth/Dinos/Allosaurus/Allo_Character_BP.Allo_Character_BP_C',MaxPercentageOfDesiredNumToAllow=0.200000))",
      "MaxDesiredNumEnemiesMultiplier": 1.2
    }
  ],
  "idGenerator": 1148,
  "regionsIdGenerator": 0,
  "shipPathsIdGenerator": 2,
  "shipPaths": [],
  "lastImageOverride": "0001-01-01T00:00:00",
  "serverTemplates": []
}